data dir: FCData=present fcdata=present
data dir: Shaders=missing shaders=missing
data dir: FCData/Localized=present FCData/localized=present
data probe: /switch/NearChuckle_nx/game/FCData -> OK pak_count=13 pak=CCGF_CACHE.PAK,effects.pak,Music.pak,Objects.pak,Objects1.pak,Objects2.pak,Scripts.pak,Shaders.pak,Sounds.pak,Sounds1.pak,Textures.pak,Textures1.pak,Textures2.pak
data probe: /switch/NearChuckle_nx/game/fcdata -> OK pak_count=13 pak=CCGF_CACHE.PAK,effects.pak,Music.pak,Objects.pak,Objects1.pak,Objects2.pak,Scripts.pak,Shaders.pak,Sounds.pak,Sounds1.pak,Textures.pak,Textures1.pak,Textures2.pak
data probe: /switch/NearChuckle_nx/game/FCData/Localized -> OK pak_count=5 pak=english.pak,english1.pak,english2.pak,russian.pak,russian1.pak
data probe: /switch/NearChuckle_nx/game/fcdata/localized -> OK pak_count=5 pak=english.pak,english1.pak,english2.pak,russian.pak,russian1.pak
data probe: game root -> pak_count=0 pak=-
data probe: /switch/NearChuckle_nx/game/languages/fonts/default.xml -> MISSING
data probe: /switch/NearChuckle_nx/game/FCData/languages/fonts/default.xml -> MISSING
data probe: /switch/NearChuckle_nx/game/fcdata/languages/fonts/default.xml -> MISSING
=== NearChuckle_nx start ===
data_root=/switch/NearChuckle_nx/game
lib_dir=/switch/NearChuckle_nx/game/lib
mesa_driver=zink
resolution=1280x720
resources[before ELF load]: system=0/0 KiB
resources[before ELF load]: memory=3359888/3363840 KiB
ELF load: libc++_shared.so (1027152 bytes)
ELF: loading /switch/NearChuckle_nx/game/lib/libc++_shared.so
ELF: WARN 3 PT_LOAD segments (1 exec, 2 writable) — single-split-point assumption may mis-map permissions
ProcessMap: own_handle=0x000581fa hints map=1 unmap=1 perm=1
ELF: stage alloc OK
ELF: stage zeroed
ELF: seg[1] vaddr=0x0 filesz=0xf1be0 memsz=0xf1be0 flags=0x5
ELF: seg[2] vaddr=0xf2be0 filesz=0x8778 memsz=0x8778 flags=0x6
ELF: seg[3] vaddr=0xfc358 filesz=0x128 memsz=0x7a19 flags=0x6
ELF: segs copied to stage
ELF: stage[0]=0x464c457f after segs copy
ELF: dyn: strtab=0x1852c/115723 symtab=0x388 syment=24 rela=0x34938/78264 jmprel=0x47af0/11664 init_arr=0xf9ce0/16
ELF: so built sym_count=4113 strsz=115723
ELF: registered
ELF: rela 3261 entries
bind: free -> shim 0x764212e0
RELA: all 3261 entries processed
ELF: rela done
ELF: jmprel 486 entries
bind: free -> shim 0x764212e0
bind: malloc -> shim 0x764212f0
bind: calloc -> shim 0x76421170
bind: realloc -> shim 0x764210e0
JMPREL: all 486 entries processed
ELF: jmprel done
ELF: strtab/symtab copied
ProcessMap: PT_LOAD[1] rel=0x0 size=0xf2000 flags=0x5 perm=Rx rc=0x00000000
ProcessMap: PT_LOAD[2] rel=0xf2000 size=0xa000 flags=0x6 perm=Rw rc=0x00000000
ProcessMap: PT_LOAD[3] rel=0xfc000 size=0x8000 flags=0x6 perm=Rw rc=0x00000000
ProcessMap: mapped image base=0x7f36fe000 backing=0x4197f0000 size=0x104000
ELF: process-code copy complete
ELF: 2 constructors deferred (arr=0x7f37f7ce0)
ELF: loaded OK code_exec=0x7f36fe000 data_exec=0x7f37f0000 sym_count=4113 unresolved=0
resources[libc++_shared.so]: system=0/0 KiB
resources[libc++_shared.so]: memory=3359888/3363840 KiB
ELF load: libogg.so (30360 bytes)
ELF: loading /switch/NearChuckle_nx/game/lib/libogg.so
ProcessMap: own_handle=0x000581fa hints map=1 unmap=1 perm=1
ELF: stage alloc OK
ELF: stage zeroed
ELF: seg[1] vaddr=0x0 filesz=0x6e40 memsz=0x6e40 flags=0x5
ELF: seg[2] vaddr=0x7e40 filesz=0x240 memsz=0x240 flags=0x6
ELF: segs copied to stage
ELF: stage[0]=0x464c457f after segs copy
ELF: dyn: strtab=0xd28/1351 symtab=0x2c0 syment=24 rela=0x1270/120 jmprel=0x12e8/336 init_arr=0x0/0
ELF: so built sym_count=111 strsz=1351
ELF: registered
ELF: rela 5 entries
RELA: all 5 entries processed
ELF: rela done
ELF: jmprel 14 entries
bind: malloc -> shim 0x764212f0
bind: free -> shim 0x764212e0
bind: realloc -> shim 0x764210e0
JMPREL: all 14 entries processed
ELF: jmprel done
ELF: strtab/symtab copied
ProcessMap: PT_LOAD[1] rel=0x0 size=0x7000 flags=0x5 perm=Rx rc=0x00000000
ProcessMap: PT_LOAD[2] rel=0x7000 size=0x2000 flags=0x6 perm=Rw rc=0x00000000
ProcessMap: mapped image base=0x9344de000 backing=0x4196fd000 size=0x9000
ELF: process-code copy complete
ELF: loaded OK code_exec=0x9344de000 data_exec=0x9344e5000 sym_count=111 unresolved=0
resources[libogg.so]: system=0/0 KiB
resources[libogg.so]: memory=3359888/3363840 KiB
ELF load: libvorbis.so (189128 bytes)
ELF: loading /switch/NearChuckle_nx/game/lib/libvorbis.so
ProcessMap: own_handle=0x000581fa hints map=1 unmap=1 perm=1
ELF: stage alloc OK
ELF: stage zeroed
ELF: seg[1] vaddr=0x0 filesz=0x2d620 memsz=0x2d620 flags=0x5
ELF: seg[2] vaddr=0x2e620 filesz=0x690 memsz=0x690 flags=0x6
ELF: segs copied to stage
ELF: stage[0]=0x464c457f after segs copy
ELF: dyn: strtab=0x1600/2612 symtab=0x2c0 syment=24 rela=0x2038/1464 jmprel=0x25f0/2160 init_arr=0x0/0
ELF: so built sym_count=205 strsz=2612
ELF: registered
ELF: rela 61 entries
RELA: all 61 entries processed
ELF: rela done
ELF: jmprel 90 entries
bind: malloc -> shim 0x764212f0
bind: free -> shim 0x764212e0
bind: calloc -> shim 0x76421170
bind: realloc -> shim 0x764210e0
JMPREL: all 90 entries processed
ELF: jmprel done
ELF: strtab/symtab copied
ProcessMap: PT_LOAD[1] rel=0x0 size=0x2e000 flags=0x5 perm=Rx rc=0x00000000
ProcessMap: PT_LOAD[2] rel=0x2e000 size=0x1000 flags=0x6 perm=Rw rc=0x00000000
ProcessMap: mapped image base=0x81a07e000 backing=0x419736000 size=0x2f000
ELF: process-code copy complete
ELF: loaded OK code_exec=0x81a07e000 data_exec=0x81a0ac000 sym_count=205 unresolved=0
resources[libvorbis.so]: system=0/0 KiB
resources[libvorbis.so]: memory=3359888/3363840 KiB
ELF load: libvorbisenc.so (654000 bytes)
ELF: loading /switch/NearChuckle_nx/game/lib/libvorbisenc.so
ELF: WARN 3 PT_LOAD segments (1 exec, 2 writable) — single-split-point assumption may mis-map permissions
ProcessMap: own_handle=0x000581fa hints map=1 unmap=1 perm=1
ELF: stage alloc OK
ELF: stage zeroed
ELF: seg[1] vaddr=0x0 filesz=0x890f0 memsz=0x890f0 flags=0x5
ELF: seg[2] vaddr=0x8a0f0 filesz=0x16370 memsz=0x16370 flags=0x6
ELF: seg[3] vaddr=0xa1460 filesz=0x38 memsz=0x38 flags=0x6
ELF: segs copied to stage
ELF: stage[0]=0x464c457f after segs copy
ELF: dyn: strtab=0x4c4/292 symtab=0x2f8 syment=24 rela=0x5e8/78552 jmprel=0x138c0/240 init_arr=0x0/0
ELF: so built sym_count=19 strsz=292
ELF: registered
ELF: rela 3273 entries
RELA: all 3273 entries processed
ELF: rela done
ELF: jmprel 10 entries
bind: calloc -> shim 0x76421170
bind: malloc -> shim 0x764212f0
JMPREL: all 10 entries processed
ELF: jmprel done
ELF: strtab/symtab copied
ProcessMap: PT_LOAD[1] rel=0x0 size=0x8a000 flags=0x5 perm=Rx rc=0x00000000
ProcessMap: PT_LOAD[2] rel=0x8a000 size=0x17000 flags=0x6 perm=Rw rc=0x00000000
ProcessMap: PT_LOAD[3] rel=0xa1000 size=0x1000 flags=0x6 perm=Rw rc=0x00000000
ProcessMap: mapped image base=0x89390e000 backing=0x419acd000 size=0xa2000
ELF: process-code copy complete
ELF: loaded OK code_exec=0x89390e000 data_exec=0x893998000 sym_count=19 unresolved=0
resources[libvorbisenc.so]: system=0/0 KiB
resources[libvorbisenc.so]: memory=3359888/3363840 KiB
ELF load: libvorbisfile.so (32752 bytes)
ELF: loading /switch/NearChuckle_nx/game/lib/libvorbisfile.so
ProcessMap: own_handle=0x000581fa hints map=1 unmap=1 perm=1
ELF: stage alloc OK
ELF: stage zeroed
ELF: seg[1] vaddr=0x0 filesz=0x75c0 memsz=0x75c0 flags=0x5
ELF: seg[2] vaddr=0x85c0 filesz=0x418 memsz=0x418 flags=0x6
ELF: segs copied to stage
ELF: stage[0]=0x464c457f after segs copy
ELF: dyn: strtab=0xd5c/1496 symtab=0x2c0 syment=24 rela=0x1338/288 jmprel=0x1458/1488 init_arr=0x0/0
ELF: so built sym_count=113 strsz=1496
ELF: registered
ELF: rela 12 entries
RELA: all 12 entries processed
ELF: rela done
ELF: jmprel 62 entries
bind: free -> shim 0x764212e0
bind: calloc -> shim 0x76421170
bind: malloc -> shim 0x764212f0
bind: realloc -> shim 0x764210e0
JMPREL: all 62 entries processed
ELF: jmprel done
ELF: strtab/symtab copied
ProcessMap: PT_LOAD[1] rel=0x0 size=0x8000 flags=0x5 perm=Rx rc=0x00000000
ProcessMap: PT_LOAD[2] rel=0x8000 size=0x1000 flags=0x6 perm=Rw rc=0x00000000
ProcessMap: mapped image base=0x18ea4000 backing=0x419708000 size=0x9000
ELF: process-code copy complete
ELF: loaded OK code_exec=0x18ea4000 data_exec=0x18eac000 sym_count=113 unresolved=0
resources[libvorbisfile.so]: system=0/0 KiB
resources[libvorbisfile.so]: memory=3359888/3363840 KiB
ELF load: libopenal.so (1261160 bytes)
ELF: loading /switch/NearChuckle_nx/game/lib/libopenal.so
ELF: WARN 3 PT_LOAD segments (1 exec, 2 writable) — single-split-point assumption may mis-map permissions
ProcessMap: own_handle=0x000581fa hints map=1 unmap=1 perm=1
ELF: stage alloc OK
ELF: stage zeroed
ELF: seg[1] vaddr=0x0 filesz=0x12aab0 memsz=0x12aab0 flags=0x5
ELF: seg[2] vaddr=0x12bab0 filesz=0x8a10 memsz=0x8a10 flags=0x6
ELF: seg[3] vaddr=0x1354c0 filesz=0x268 memsz=0x7b8b0 flags=0x6
ELF: segs copied to stage
ELF: stage[0]=0x464c457f after segs copy
ELF: dyn: strtab=0x2a48/4718 symtab=0x2f8 syment=24 rela=0x3cb8/84336 jmprel=0x18628/3456 init_arr=0x1337f8/88
ELF: so built sym_count=419 strsz=4718
ELF: registered
ELF: rela 3514 entries
bind: free -> shim 0x764212e0
RELA: all 3514 entries processed
ELF: rela done
ELF: jmprel 144 entries
bind: free -> shim 0x764212e0
bind: malloc -> shim 0x764212f0
bind: realloc -> shim 0x764210e0
JMPREL: all 144 entries processed
ELF: jmprel done
ELF: strtab/symtab copied
ProcessMap: PT_LOAD[1] rel=0x0 size=0x12b000 flags=0x5 perm=Rx rc=0x00000000
ProcessMap: PT_LOAD[2] rel=0x12b000 size=0xa000 flags=0x6 perm=Rw rc=0x00000000
ProcessMap: PT_LOAD[3] rel=0x135000 size=0x7c000 flags=0x6 perm=Rw rc=0x00000000
ProcessMap: mapped image base=0xcd1a3d000 backing=0x419ca3000 size=0x1b1000
ELF: process-code copy complete
ELF: 11 constructors deferred (arr=0xcd1b707f8)
ELF: loaded OK code_exec=0xcd1a3d000 data_exec=0xcd1b68000 sym_count=419 unresolved=0
resources[libopenal.so]: system=0/0 KiB
resources[libopenal.so]: memory=3359888/3363840 KiB
ELF load: libSDL3.so (2380768 bytes)
ELF: loading /switch/NearChuckle_nx/game/lib/libSDL3.so
ELF: WARN 3 PT_LOAD segments (1 exec, 2 writable) — single-split-point assumption may mis-map permissions
ProcessMap: own_handle=0x000581fa hints map=1 unmap=1 perm=1
ELF: stage alloc OK
ELF: stage zeroed
ELF: seg[1] vaddr=0x0 filesz=0x234c30 memsz=0x234c30 flags=0x5
ELF: seg[2] vaddr=0x235c30 filesz=0x9228 memsz=0x9228 flags=0x6
ELF: seg[3] vaddr=0x23fe58 filesz=0x6df8 memsz=0xa078 flags=0x6
ELF: segs copied to stage
ELF: stage[0]=0x464c457f after segs copy
ELF: dyn: strtab=0xc8f8/31779 symtab=0x2f8 syment=24 rela=0x14520/88152 jmprel=0x29d78/18984 init_arr=0x23cc00/16
ELF: so built sym_count=2112 strsz=31779
ELF: registered
ELF: rela 3673 entries
ELF: unresolved: glBlendEquationOES
ELF: unresolved: glBlendEquationSeparateOES
ELF: unresolved: glBlendFuncSeparateOES
ELF: unresolved: glDrawTexfOES
ELF: unresolved: glGenFramebuffersOES
ELF: unresolved: glOrthof
ELF: unresolved: glBindFramebufferOES
ELF: unresolved: glFramebufferTexture2DOES
ELF: unresolved: glCheckFramebufferStatusOES
ELF: unresolved: glDeleteFramebuffersOES
RELA: all 3673 entries processed
ELF: rela done
ELF: jmprel 791 entries
ELF: unresolved: feholdexcept
ELF: unresolved: fesetenv
ELF: unresolved: fdatasync
ELF: unresolved: fseeko64
ELF: unresolved: ftello64
bind: malloc -> shim 0x764212f0
bind: calloc -> shim 0x76421170
bind: realloc -> shim 0x764210e0
bind: free -> shim 0x764212e0
ELF: unresolved: scalbnf
ELF: unresolved: wcsnlen
ELF: unresolved: wcslcpy
ELF: unresolved: wcslcat
ELF: unresolved: strlcat
ELF: unresolved: pthread_getschedparam
JMPREL: all 791 entries processed
ELF: jmprel done
ELF: strtab/symtab copied
ProcessMap: PT_LOAD[1] rel=0x0 size=0x235000 flags=0x5 perm=Rx rc=0x00000000
ProcessMap: PT_LOAD[2] rel=0x235000 size=0xa000 flags=0x6 perm=Rw rc=0x00000000
ProcessMap: PT_LOAD[3] rel=0x23f000 size=0xb000 flags=0x6 perm=Rw rc=0x00000000
ProcessMap: mapped image base=0x6e5e1b000 backing=0x41a24b000 size=0x24a000
ELF: process-code copy complete
ELF: 2 constructors deferred (arr=0x6e6057c00)
ELF: loaded OK code_exec=0x6e5e1b000 data_exec=0x6e6050000 sym_count=2112 unresolved=21
resources[libSDL3.so]: system=0/0 KiB
resources[libSDL3.so]: memory=3359888/3363840 KiB
ELF load: libCryInput.so (112952 bytes)
ELF: loading /switch/NearChuckle_nx/game/lib/libCryInput.so
ELF: WARN 3 PT_LOAD segments (1 exec, 2 writable) — single-split-point assumption may mis-map permissions
ProcessMap: own_handle=0x000581fa hints map=1 unmap=1 perm=1
ELF: stage alloc OK
ELF: stage zeroed
ELF: seg[1] vaddr=0x0 filesz=0x1a290 memsz=0x1a290 flags=0x5
ELF: seg[2] vaddr=0x1b290 filesz=0xc60 memsz=0xc60 flags=0x6
ELF: seg[3] vaddr=0x1cef0 filesz=0x358 memsz=0xba8 flags=0x6
ELF: segs copied to stage
ELF: stage[0]=0x464c457f after segs copy
ELF: dyn: strtab=0x2988/11414 symtab=0x2f8 syment=24 rela=0x5620/4920 jmprel=0x6958/3000 init_arr=0x0/0
ELF: so built sym_count=411 strsz=11414
ELF: registered
ELF: rela 205 entries
RELA: all 205 entries processed
ELF: rela done
ELF: jmprel 125 entries
bind: malloc -> shim 0x764212f0
bind: free -> shim 0x764212e0
ELF: unresolved: mbstowcs
JMPREL: all 125 entries processed
ELF: jmprel done
ELF: strtab/symtab copied
ProcessMap: PT_LOAD[1] rel=0x0 size=0x1b000 flags=0x5 perm=Rx rc=0x00000000
ProcessMap: PT_LOAD[2] rel=0x1b000 size=0x1000 flags=0x6 perm=Rw rc=0x00000000
ProcessMap: PT_LOAD[3] rel=0x1c000 size=0x2000 flags=0x6 perm=Rw rc=0x00000000
ProcessMap: mapped image base=0xb9a775000 backing=0x419783000 size=0x1e000
ELF: process-code copy complete
ELF: loaded OK code_exec=0xb9a775000 data_exec=0xb9a790000 sym_count=411 unresolved=22
resources[libCryInput.so]: system=0/0 KiB
resources[libCryInput.so]: memory=3359888/3363840 KiB
ELF load: libCryScriptSystem.so (282840 bytes)
ELF: loading /switch/NearChuckle_nx/game/lib/libCryScriptSystem.so
ELF: WARN 3 PT_LOAD segments (1 exec, 2 writable) — single-split-point assumption may mis-map permissions
ProcessMap: own_handle=0x000581fa hints map=1 unmap=1 perm=1
ELF: stage alloc OK
ELF: stage zeroed
ELF: seg[1] vaddr=0x0 filesz=0x42c70 memsz=0x42c70 flags=0x5
ELF: seg[2] vaddr=0x43c70 filesz=0x1d58 memsz=0x1d58 flags=0x6
ELF: seg[3] vaddr=0x469c8 filesz=0x20 memsz=0x9c8 flags=0x6
ELF: segs copied to stage
ELF: stage[0]=0x464c457f after segs copy
ELF: dyn: strtab=0x4d68/14435 symtab=0x2f8 syment=24 rela=0x85d0/12888 jmprel=0xb828/8136 init_arr=0x0/0
ELF: so built sym_count=794 strsz=14435
ELF: registered
ELF: rela 537 entries
RELA: all 537 entries processed
ELF: rela done
ELF: jmprel 339 entries
bind: free -> shim 0x764212e0
bind: realloc -> shim 0x764210e0
bind: malloc -> shim 0x764212f0
JMPREL: all 339 entries processed
ELF: jmprel done
ELF: strtab/symtab copied
ProcessMap: PT_LOAD[1] rel=0x0 size=0x43000 flags=0x5 perm=Rx rc=0x00000000
ProcessMap: PT_LOAD[2] rel=0x43000 size=0x3000 flags=0x6 perm=Rw rc=0x00000000
ProcessMap: PT_LOAD[3] rel=0x46000 size=0x2000 flags=0x6 perm=Rw rc=0x00000000
ProcessMap: mapped image base=0x78c6f7000 backing=0x419a2d000 size=0x48000
ELF: process-code copy complete
ELF: loaded OK code_exec=0x78c6f7000 data_exec=0x78c73a000 sym_count=794 unresolved=22
resources[libCryScriptSystem.so]: system=0/0 KiB
resources[libCryScriptSystem.so]: memory=3359888/3363840 KiB
ELF load: libCryEntitySystem.so (296384 bytes)
ELF: loading /switch/NearChuckle_nx/game/lib/libCryEntitySystem.so
ELF: WARN 3 PT_LOAD segments (1 exec, 2 writable) — single-split-point assumption may mis-map permissions
ProcessMap: own_handle=0x000581fa hints map=1 unmap=1 perm=1
ELF: stage alloc OK
ELF: stage zeroed
ELF: seg[1] vaddr=0x0 filesz=0x467c0 memsz=0x467c0 flags=0x5
ELF: seg[2] vaddr=0x477c0 filesz=0x16f0 memsz=0x16f0 flags=0x6
ELF: seg[3] vaddr=0x49eb0 filesz=0x20 memsz=0x7c58 flags=0x6
ELF: segs copied to stage
ELF: stage[0]=0x464c457f after segs copy
ELF: dyn: strtab=0x5098/24377 symtab=0x2f8 syment=24 rela=0xafd8/10512 jmprel=0xd8e8/5136 init_arr=0x0/0
ELF: so built sym_count=828 strsz=24377
ELF: registered
ELF: rela 438 entries
RELA: all 438 entries processed
ELF: rela done
ELF: jmprel 214 entries
bind: malloc -> shim 0x764212f0
bind: free -> shim 0x764212e0
bind: calloc -> shim 0x76421170
bind: realloc -> shim 0x764210e0
JMPREL: all 214 entries processed
ELF: jmprel done
ELF: strtab/symtab copied
ProcessMap: PT_LOAD[1] rel=0x0 size=0x47000 flags=0x5 perm=Rx rc=0x00000000
ProcessMap: PT_LOAD[2] rel=0x47000 size=0x2000 flags=0x6 perm=Rw rc=0x00000000
ProcessMap: PT_LOAD[3] rel=0x49000 size=0x9000 flags=0x6 perm=Rw rc=0x00000000
ProcessMap: mapped image base=0xbba195000 backing=0x4198f5000 size=0x52000
ELF: process-code copy complete
ELF: loaded OK code_exec=0xbba195000 data_exec=0xbba1dc000 sym_count=828 unresolved=22
resources[libCryEntitySystem.so]: system=0/0 KiB
resources[libCryEntitySystem.so]: memory=3359888/3363840 KiB
ELF load: libCryNetwork.so (296904 bytes)
ELF: loading /switch/NearChuckle_nx/game/lib/libCryNetwork.so
ELF: WARN 3 PT_LOAD segments (1 exec, 2 writable) — single-split-point assumption may mis-map permissions
ProcessMap: own_handle=0x000581fa hints map=1 unmap=1 perm=1
ELF: stage alloc OK
ELF: stage zeroed
ELF: seg[1] vaddr=0x0 filesz=0x45850 memsz=0x45850 flags=0x5
ELF: seg[2] vaddr=0x46850 filesz=0x2568 memsz=0x2568 flags=0x6
ELF: seg[3] vaddr=0x49db8 filesz=0x320 memsz=0x3368 flags=0x6
ELF: segs copied to stage
ELF: stage[0]=0x464c457f after segs copy
ELF: dyn: strtab=0x7d44/33108 symtab=0x2f8 syment=24 rela=0xfe98/19752 jmprel=0x14bc0/7080 init_arr=0x0/0
ELF: so built sym_count=1304 strsz=33108
ELF: registered
ELF: rela 823 entries
RELA: all 823 entries processed
ELF: rela done
ELF: jmprel 295 entries
bind: free -> shim 0x764212e0
bind: malloc -> shim 0x764212f0
JMPREL: all 295 entries processed
ELF: jmprel done
ELF: strtab/symtab copied
ProcessMap: PT_LOAD[1] rel=0x0 size=0x46000 flags=0x5 perm=Rx rc=0x00000000
ProcessMap: PT_LOAD[2] rel=0x46000 size=0x3000 flags=0x6 perm=Rw rc=0x00000000
ProcessMap: PT_LOAD[3] rel=0x49000 size=0x5000 flags=0x6 perm=Rw rc=0x00000000
ProcessMap: mapped image base=0x364f8d000 backing=0x41999b000 size=0x4e000
ELF: process-code copy complete
ELF: loaded OK code_exec=0x364f8d000 data_exec=0x364fd3000 sym_count=1304 unresolved=22
resources[libCryNetwork.so]: system=0/0 KiB
resources[libCryNetwork.so]: memory=3359888/3363840 KiB
ELF load: libCrySoundSystem.so (332704 bytes)
ELF: loading /switch/NearChuckle_nx/game/lib/libCrySoundSystem.so
ELF: WARN 3 PT_LOAD segments (1 exec, 2 writable) — single-split-point assumption may mis-map permissions
ProcessMap: own_handle=0x000581fa hints map=1 unmap=1 perm=1
ELF: stage alloc OK
ELF: stage zeroed
ELF: seg[1] vaddr=0x0 filesz=0x4f110 memsz=0x4f110 flags=0x5
ELF: seg[2] vaddr=0x50110 filesz=0x1b20 memsz=0x1b20 flags=0x6
ELF: seg[3] vaddr=0x52c30 filesz=0x30 memsz=0x4d90 flags=0x6
ELF: segs copied to stage
ELF: stage[0]=0x464c457f after segs copy
ELF: dyn: strtab=0x6a5c/30054 symtab=0x2f8 syment=24 rela=0xdfc8/11040 jmprel=0x10ae8/7656 init_arr=0x50eb0/8
ELF: so built sym_count=1102 strsz=30054
ELF: registered
ELF: rela 460 entries
RELA: all 460 entries processed
ELF: rela done
ELF: jmprel 319 entries
bind: _ZdlPv -> /switch/NearChuckle_nx/game/lib/libc++_shared.so 0x7f37c4828
bind: _Znwm -> /switch/NearChuckle_nx/game/lib/libc++_shared.so 0x7f37c4754
bind: _Znam -> /switch/NearChuckle_nx/game/lib/libc++_shared.so 0x7f37c47f0
bind: free -> shim 0x764212e0
bind: _ZdaPv -> /switch/NearChuckle_nx/game/lib/libc++_shared.so 0x7f37c4840
bind: malloc -> shim 0x764212f0
bind: realloc -> shim 0x764210e0
ELF: unresolved: __fread_chk
JMPREL: all 319 entries processed
ELF: jmprel done
ELF: strtab/symtab copied
ProcessMap: PT_LOAD[1] rel=0x0 size=0x50000 flags=0x5 perm=Rx rc=0x00000000
ProcessMap: PT_LOAD[2] rel=0x50000 size=0x2000 flags=0x6 perm=Rw rc=0x00000000
ProcessMap: PT_LOAD[3] rel=0x52000 size=0x6000 flags=0x6 perm=Rw rc=0x00000000
ProcessMap: mapped image base=0xb90e93000 backing=0x419bc1000 size=0x58000
ELF: process-code copy complete
ELF: 1 constructors deferred (arr=0xb90ee3eb0)
ELF: loaded OK code_exec=0xb90e93000 data_exec=0xb90ee3000 sym_count=1102 unresolved=23
resources[libCrySoundSystem.so]: system=0/0 KiB
resources[libCrySoundSystem.so]: memory=3359888/3363840 KiB
ELF load: libCryMovie.so (366728 bytes)
ELF: loading /switch/NearChuckle_nx/game/lib/libCryMovie.so
ELF: WARN 3 PT_LOAD segments (1 exec, 2 writable) — single-split-point assumption may mis-map permissions
ProcessMap: own_handle=0x000581fa hints map=1 unmap=1 perm=1
ELF: stage alloc OK
ELF: stage zeroed
ELF: seg[1] vaddr=0x0 filesz=0x55fc0 memsz=0x55fc0 flags=0x5
ELF: seg[2] vaddr=0x56fc0 filesz=0x3168 memsz=0x3168 flags=0x6
ELF: seg[3] vaddr=0x5b128 filesz=0x20 memsz=0x9a8 flags=0x6
ELF: segs copied to stage
ELF: stage[0]=0x464c457f after segs copy
ELF: dyn: strtab=0x77f0/37224 symtab=0x2f8 syment=24 rela=0x10958/31728 jmprel=0x18548/3768 init_arr=0x598e0/32
ELF: so built sym_count=1247 strsz=37224
ELF: registered
ELF: rela 1322 entries
RELA: all 1322 entries processed
ELF: rela done
ELF: jmprel 157 entries
bind: free -> shim 0x764212e0
bind: malloc -> shim 0x764212f0
JMPREL: all 157 entries processed
ELF: jmprel done
ELF: strtab/symtab copied
ProcessMap: PT_LOAD[1] rel=0x0 size=0x56000 flags=0x5 perm=Rx rc=0x00000000
ProcessMap: PT_LOAD[2] rel=0x56000 size=0x5000 flags=0x6 perm=Rw rc=0x00000000
ProcessMap: PT_LOAD[3] rel=0x5b000 size=0x1000 flags=0x6 perm=Rw rc=0x00000000
ProcessMap: mapped image base=0x9b9d23000 backing=0x419e55000 size=0x5c000
ELF: process-code copy complete
ELF: 4 constructors deferred (arr=0x9b9d7c8e0)
ELF: loaded OK code_exec=0x9b9d23000 data_exec=0x9b9d79000 sym_count=1247 unresolved=23
resources[libCryMovie.so]: system=0/0 KiB
resources[libCryMovie.so]: memory=3359888/3363840 KiB
ELF load: libCryAISystem.so (473168 bytes)
ELF: loading /switch/NearChuckle_nx/game/lib/libCryAISystem.so
ELF: WARN 3 PT_LOAD segments (1 exec, 2 writable) — single-split-point assumption may mis-map permissions
ProcessMap: own_handle=0x000581fa hints map=1 unmap=1 perm=1
ELF: stage alloc OK
ELF: stage zeroed
ELF: seg[1] vaddr=0x0 filesz=0x70bc0 memsz=0x70bc0 flags=0x5
ELF: seg[2] vaddr=0x71bc0 filesz=0x2580 memsz=0x2580 flags=0x6
ELF: seg[3] vaddr=0x75140 filesz=0x20 memsz=0x3d70 flags=0x6
ELF: segs copied to stage
ELF: stage[0]=0x464c457f after segs copy
ELF: dyn: strtab=0x759c/37875 symtab=0x2f8 syment=24 rela=0x10990/17184 jmprel=0x14cb0/9072 init_arr=0x0/0
ELF: so built sym_count=1222 strsz=37875
ELF: registered
ELF: rela 716 entries
RELA: all 716 entries processed
ELF: rela done
ELF: jmprel 378 entries
bind: free -> shim 0x764212e0
bind: malloc -> shim 0x764212f0
JMPREL: all 378 entries processed
ELF: jmprel done
ELF: strtab/symtab copied
ProcessMap: PT_LOAD[1] rel=0x0 size=0x71000 flags=0x5 perm=Rx rc=0x00000000
ProcessMap: PT_LOAD[2] rel=0x71000 size=0x4000 flags=0x6 perm=Rw rc=0x00000000
ProcessMap: PT_LOAD[3] rel=0x75000 size=0x4000 flags=0x6 perm=Rw rc=0x00000000
ProcessMap: mapped image base=0xbe9da4000 backing=0x419f36000 size=0x79000
ELF: process-code copy complete
ELF: loaded OK code_exec=0xbe9da4000 data_exec=0xbe9e15000 sym_count=1222 unresolved=23
resources[libCryAISystem.so]: system=0/0 KiB
resources[libCryAISystem.so]: memory=3359888/3363840 KiB
ELF load: libCryFont.so (511232 bytes)
ELF: loading /switch/NearChuckle_nx/game/lib/libCryFont.so
ELF: WARN 3 PT_LOAD segments (1 exec, 2 writable) — single-split-point assumption may mis-map permissions
ProcessMap: own_handle=0x000581fa hints map=1 unmap=1 perm=1
ELF: stage alloc OK
ELF: stage zeroed
ELF: seg[1] vaddr=0x0 filesz=0x725b0 memsz=0x725b0 flags=0x5
ELF: seg[2] vaddr=0x735b0 filesz=0xa018 memsz=0xa018 flags=0x6
ELF: seg[3] vaddr=0x7e5c8 filesz=0x48 memsz=0x28a0 flags=0x6
ELF: segs copied to stage
ELF: stage[0]=0x464c457f after segs copy
ELF: dyn: strtab=0x3f48/14000 symtab=0x2f8 syment=24 rela=0x75f8/112512 jmprel=0x22d78/5136 init_arr=0x0/0
ELF: so built sym_count=643 strsz=14000
ELF: registered
ELF: rela 4688 entries
RELA: all 4688 entries processed
ELF: rela done
ELF: jmprel 214 entries
bind: free -> shim 0x764212e0
bind: malloc -> shim 0x764212f0
bind: realloc -> shim 0x764210e0
JMPREL: all 214 entries processed
ELF: jmprel done
ELF: strtab/symtab copied
ProcessMap: PT_LOAD[1] rel=0x0 size=0x73000 flags=0x5 perm=Rx rc=0x00000000
ProcessMap: PT_LOAD[2] rel=0x73000 size=0xb000 flags=0x6 perm=Rw rc=0x00000000
ProcessMap: PT_LOAD[3] rel=0x7e000 size=0x3000 flags=0x6 perm=Rw rc=0x00000000
ProcessMap: mapped image base=0x2136a4000 backing=0x41a03d000 size=0x81000
ELF: process-code copy complete
ELF: loaded OK code_exec=0x2136a4000 data_exec=0x213717000 sym_count=643 unresolved=23
resources[libCryFont.so]: system=0/0 KiB
resources[libCryFont.so]: memory=3359888/3363840 KiB
ELF load: libCryAnimation.so (863504 bytes)
ELF: loading /switch/NearChuckle_nx/game/lib/libCryAnimation.so
ELF: WARN 3 PT_LOAD segments (1 exec, 2 writable) — single-split-point assumption may mis-map permissions
ProcessMap: own_handle=0x000581fa hints map=1 unmap=1 perm=1
ELF: stage alloc OK
ELF: stage zeroed
ELF: seg[1] vaddr=0x0 filesz=0xce240 memsz=0xce240 flags=0x5
ELF: seg[2] vaddr=0xcf240 filesz=0x3ff8 memsz=0x3ff8 flags=0x6
ELF: seg[3] vaddr=0xd4238 filesz=0x398 memsz=0x7708 flags=0x6
ELF: segs copied to stage
ELF: stage[0]=0x464c457f after segs copy
ELF: dyn: strtab=0xfc48/91213 symtab=0x2f8 syment=24 rela=0x26098/26064 jmprel=0x2c668/22752 init_arr=0xd0f98/24
ELF: so built sym_count=2659 strsz=91213
ELF: registered
ELF: rela 1086 entries
RELA: all 1086 entries processed
ELF: rela done
ELF: jmprel 948 entries
bind: free -> shim 0x764212e0
bind: malloc -> shim 0x764212f0
bind: calloc -> shim 0x76421170
bind: realloc -> shim 0x764210e0
JMPREL: all 948 entries processed
ELF: jmprel done
ELF: strtab/symtab copied
ProcessMap: PT_LOAD[1] rel=0x0 size=0xcf000 flags=0x5 perm=Rx rc=0x00000000
ProcessMap: PT_LOAD[2] rel=0xcf000 size=0x5000 flags=0x6 perm=Rw rc=0x00000000
ProcessMap: PT_LOAD[3] rel=0xd4000 size=0x8000 flags=0x6 perm=Rw rc=0x00000000
ProcessMap: mapped image base=0xe4d483000 backing=0x41a6e0000 size=0xdc000
ELF: process-code copy complete
ELF: 3 constructors deferred (arr=0xe4d553f98)
ELF: loaded OK code_exec=0xe4d483000 data_exec=0xe4d552000 sym_count=2659 unresolved=23
resources[libCryAnimation.so]: system=0/0 KiB
resources[libCryAnimation.so]: memory=3359888/3363840 KiB
ELF load: libCry3DEngine.so (960880 bytes)
ELF: loading /switch/NearChuckle_nx/game/lib/libCry3DEngine.so
ELF: WARN 3 PT_LOAD segments (1 exec, 2 writable) — single-split-point assumption may mis-map permissions
ProcessMap: own_handle=0x000581fa hints map=1 unmap=1 perm=1
ELF: stage alloc OK
ELF: stage zeroed
ELF: seg[1] vaddr=0x0 filesz=0xe6ae0 memsz=0xe6ae0 flags=0x5
ELF: seg[2] vaddr=0xe7ae0 filesz=0x34c8 memsz=0x34c8 flags=0x6
ELF: seg[3] vaddr=0xebfa8 filesz=0x288 memsz=0xd850 flags=0x6
ELF: segs copied to stage
ELF: stage[0]=0x464c457f after segs copy
ELF: dyn: strtab=0xcdd4/65093 symtab=0x2f8 syment=24 rela=0x1cc20/21000 jmprel=0x21e28/16416 init_arr=0xe9570/8
ELF: so built sym_count=2163 strsz=65093
ELF: registered
ELF: rela 875 entries
RELA: all 875 entries processed
ELF: rela done
ELF: jmprel 684 entries
bind: malloc -> shim 0x764212f0
bind: free -> shim 0x764212e0
bind: realloc -> shim 0x764210e0
ELF: unresolved: __strncat_chk
bind: calloc -> shim 0x76421170
JMPREL: all 684 entries processed
ELF: jmprel done
ELF: strtab/symtab copied
ProcessMap: PT_LOAD[1] rel=0x0 size=0xe7000 flags=0x5 perm=Rx rc=0x00000000
ProcessMap: PT_LOAD[2] rel=0xe7000 size=0x4000 flags=0x6 perm=Rw rc=0x00000000
ProcessMap: PT_LOAD[3] rel=0xeb000 size=0xf000 flags=0x6 perm=Rw rc=0x00000000
ProcessMap: mapped image base=0x8b10c2000 backing=0x41a7bd000 size=0xfa000
ELF: process-code copy complete
ELF: 1 constructors deferred (arr=0x8b11ab570)
ELF: loaded OK code_exec=0x8b10c2000 data_exec=0x8b11a9000 sym_count=2163 unresolved=24
resources[libCry3DEngine.so]: system=0/0 KiB
resources[libCry3DEngine.so]: memory=3359888/3363840 KiB
ELF load: libCryPhysics.so (1065016 bytes)
ELF: loading /switch/NearChuckle_nx/game/lib/libCryPhysics.so
ELF: WARN 3 PT_LOAD segments (1 exec, 2 writable) — single-split-point assumption may mis-map permissions
ProcessMap: own_handle=0x000581fa hints map=1 unmap=1 perm=1
ELF: stage alloc OK
ELF: stage zeroed
ELF: seg[1] vaddr=0x0 filesz=0xff7c0 memsz=0xff7c0 flags=0x5
ELF: seg[2] vaddr=0x1007c0 filesz=0x3710 memsz=0x3710 flags=0x6
ELF: seg[3] vaddr=0x104ed0 filesz=0xa28 memsz=0x229c30 flags=0x6
ELF: segs copied to stage
ELF: stage[0]=0x464c457f after segs copy
ELF: dyn: strtab=0x985c/52023 symtab=0x2f8 syment=24 rela=0x16398/37896 jmprel=0x1f7a0/8064 init_arr=0x102c38/16
ELF: so built sym_count=1593 strsz=52023
ELF: registered
ELF: rela 1579 entries
RELA: all 1579 entries processed
ELF: rela done
ELF: jmprel 336 entries
bind: malloc -> shim 0x764212f0
bind: free -> shim 0x764212e0
JMPREL: all 336 entries processed
ELF: jmprel done
ELF: strtab/symtab copied
ProcessMap: PT_LOAD[1] rel=0x0 size=0x100000 flags=0x5 perm=Rx rc=0x00000000
ProcessMap: PT_LOAD[2] rel=0x100000 size=0x4000 flags=0x6 perm=Rw rc=0x00000000
ProcessMap: PT_LOAD[3] rel=0x104000 size=0x22b000 flags=0x6 perm=Rw rc=0x00000000
ProcessMap: mapped image base=0x299020000 backing=0x41a8b8000 size=0x32f000
ELF: process-code copy complete
ELF: 2 constructors deferred (arr=0x299122c38)
ELF: loaded OK code_exec=0x299020000 data_exec=0x299120000 sym_count=1593 unresolved=24
resources[libCryPhysics.so]: system=0/0 KiB
resources[libCryPhysics.so]: memory=3359888/3363840 KiB
ELF load: libCrySystem.so (1082552 bytes)
ELF: loading /switch/NearChuckle_nx/game/lib/libCrySystem.so
ELF: WARN 3 PT_LOAD segments (1 exec, 2 writable) — single-split-point assumption may mis-map permissions
ProcessMap: own_handle=0x000581fa hints map=1 unmap=1 perm=1
ELF: stage alloc OK
ELF: stage zeroed
ELF: seg[1] vaddr=0x0 filesz=0x102010 memsz=0x102010 flags=0x5
ELF: seg[2] vaddr=0x103010 filesz=0x5b30 memsz=0x5b30 flags=0x6
ELF: seg[3] vaddr=0x109b40 filesz=0x238 memsz=0x7720 flags=0x6
ELF: segs copied to stage
ELF: stage[0]=0x464c457f after segs copy
ELF: dyn: strtab=0x10cb0/92776 symtab=0x2f8 syment=24 rela=0x27718/38064 jmprel=0x30bc8/16776 init_arr=0x106498/64
ELF: so built sym_count=2834 strsz=92776
ELF: registered
ELF: rela 1586 entries
bind: free -> shim 0x764212e0
bind: malloc -> shim 0x764212f0
bind: realloc -> shim 0x764210e0
RELA: all 1586 entries processed
ELF: rela done
ELF: jmprel 699 entries
bind: free -> shim 0x764212e0
bind: malloc -> shim 0x764212f0
ELF: unresolved: ldiv
bind: calloc -> shim 0x76421170
ELF: unresolved: __strncat_chk
JMPREL: all 699 entries processed
ELF: jmprel done
ELF: strtab/symtab copied
ProcessMap: PT_LOAD[1] rel=0x0 size=0x103000 flags=0x5 perm=Rx rc=0x00000000
ProcessMap: PT_LOAD[2] rel=0x103000 size=0x6000 flags=0x6 perm=Rw rc=0x00000000
ProcessMap: PT_LOAD[3] rel=0x109000 size=0x9000 flags=0x6 perm=Rw rc=0x00000000
ProcessMap: mapped image base=0x96774f000 backing=0x41a496000 size=0x112000
ELF: process-code copy complete
ELF: 8 constructors deferred (arr=0x967855498)
ELF: loaded OK code_exec=0x96774f000 data_exec=0x967852000 sym_count=2834 unresolved=26
resources[libCrySystem.so]: system=0/0 KiB
resources[libCrySystem.so]: memory=3359888/3363840 KiB
ELF load: libCryGame.so (2333760 bytes)
ELF: loading /switch/NearChuckle_nx/game/lib/libCryGame.so
ELF: WARN 3 PT_LOAD segments (1 exec, 2 writable) — single-split-point assumption may mis-map permissions
ProcessMap: own_handle=0x000581fa hints map=1 unmap=1 perm=1
ELF: stage alloc OK
ELF: stage zeroed
ELF: seg[1] vaddr=0x0 filesz=0x22e810 memsz=0x22e810 flags=0x5
ELF: seg[2] vaddr=0x22f810 filesz=0xa8b8 memsz=0xa8b8 flags=0x6
ELF: seg[3] vaddr=0x23b0c8 filesz=0x438 memsz=0x96098 flags=0x6
ELF: segs copied to stage
ELF: stage[0]=0x464c457f after segs copy
ELF: dyn: strtab=0x23270/203890 symtab=0x2f8 syment=24 rela=0x54ee8/83256 jmprel=0x69420/38976 init_arr=0x234960/256
ELF: so built sym_count=5967 strsz=203890
ELF: registered
ELF: rela 3469 entries
RELA: all 3469 entries processed
ELF: rela done
ELF: jmprel 1624 entries
bind: free -> shim 0x764212e0
bind: malloc -> shim 0x764212f0
bind: calloc -> shim 0x76421170
bind: realloc -> shim 0x764210e0
ELF: unresolved: mbstowcs
ELF: unresolved: __fread_chk
bind: _ZdlPv -> /switch/NearChuckle_nx/game/lib/libc++_shared.so 0x7f37c4828
bind: _Znwm -> /switch/NearChuckle_nx/game/lib/libc++_shared.so 0x7f37c4754
bind: _Znam -> /switch/NearChuckle_nx/game/lib/libc++_shared.so 0x7f37c47f0
bind: _ZdaPv -> /switch/NearChuckle_nx/game/lib/libc++_shared.so 0x7f37c4840
JMPREL: all 1624 entries processed
ELF: jmprel done
ELF: strtab/symtab copied
ProcessMap: PT_LOAD[1] rel=0x0 size=0x22f000 flags=0x5 perm=Rx rc=0x00000000
ProcessMap: PT_LOAD[2] rel=0x22f000 size=0xc000 flags=0x6 perm=Rw rc=0x00000000
ProcessMap: PT_LOAD[3] rel=0x23b000 size=0x97000 flags=0x6 perm=Rw rc=0x00000000
ProcessMap: mapped image base=0x9c01b1000 backing=0x41b150000 size=0x2d2000
ELF: process-code copy complete
ELF: 32 constructors deferred (arr=0x9c03e5960)
ELF: loaded OK code_exec=0x9c01b1000 data_exec=0x9c03e0000 sym_count=5967 unresolved=28
resources[libCryGame.so]: system=0/0 KiB
resources[libCryGame.so]: memory=3359888/3363840 KiB
ELF load: libXRenderOGL.so (2409464 bytes)
ELF: loading /switch/NearChuckle_nx/game/lib/libXRenderOGL.so
ELF: WARN 3 PT_LOAD segments (1 exec, 2 writable) — single-split-point assumption may mis-map permissions
ProcessMap: own_handle=0x000581fa hints map=1 unmap=1 perm=1
ELF: stage alloc OK
ELF: stage zeroed
ELF: seg[1] vaddr=0x0 filesz=0x239a30 memsz=0x239a30 flags=0x5
ELF: seg[2] vaddr=0x23aa30 filesz=0xd9f0 memsz=0xd9f0 flags=0x6
ELF: seg[3] vaddr=0x249420 filesz=0x4898 memsz=0xf1718 flags=0x6
ELF: segs copied to stage
ELF: stage[0]=0x464c457f after segs copy
ELF: dyn: strtab=0x2aa0c/164804 symtab=0x2f8 syment=24 rela=0x52dd0/151944 jmprel=0x77f58/24288 init_arr=0x2410d0/152
ELF: so built sym_count=7243 strsz=164804
ELF: registered
ELF: rela 6331 entries
RELA: all 6331 entries processed
ELF: rela done
ELF: jmprel 1012 entries
bind: free -> shim 0x764212e0
bind: realloc -> shim 0x764210e0
bind: malloc -> shim 0x764212f0
bind: calloc -> shim 0x76421170
bind: _Znam -> /switch/NearChuckle_nx/game/lib/libc++_shared.so 0x7f37c47f0
bind: _ZdlPv -> /switch/NearChuckle_nx/game/lib/libc++_shared.so 0x7f37c4828
bind: _ZdaPv -> /switch/NearChuckle_nx/game/lib/libc++_shared.so 0x7f37c4840
bind: _Znwm -> /switch/NearChuckle_nx/game/lib/libc++_shared.so 0x7f37c4754
ELF: unresolved: __strncat_chk
JMPREL: all 1012 entries processed
ELF: jmprel done
ELF: strtab/symtab copied
ProcessMap: PT_LOAD[1] rel=0x0 size=0x23a000 flags=0x5 perm=Rx rc=0x00000000
ProcessMap: PT_LOAD[2] rel=0x23a000 size=0xf000 flags=0x6 perm=Rw rc=0x00000000
ProcessMap: PT_LOAD[3] rel=0x249000 size=0xf2000 flags=0x6 perm=Rw rc=0x00000000
ProcessMap: mapped image base=0x996ef0000 backing=0x41b66f000 size=0x33b000
ELF: process-code copy complete
ELF: 19 constructors deferred (arr=0x9971310d0)
ELF: loaded OK code_exec=0x996ef0000 data_exec=0x99712a000 sym_count=7243 unresolved=29
resources[libXRenderOGL.so]: system=0/0 KiB
resources[libXRenderOGL.so]: memory=3359888/3363840 KiB
ELF load: libFarCry.so (36256 bytes)
ELF: loading /switch/NearChuckle_nx/game/lib/libFarCry.so
ELF: WARN 3 PT_LOAD segments (1 exec, 2 writable) — single-split-point assumption may mis-map permissions
ProcessMap: own_handle=0x000581fa hints map=1 unmap=1 perm=1
ELF: stage alloc OK
ELF: stage zeroed
ELF: seg[1] vaddr=0x0 filesz=0x8290 memsz=0x8290 flags=0x5
ELF: seg[2] vaddr=0x9290 filesz=0x400 memsz=0x400 flags=0x6
ELF: seg[3] vaddr=0xa690 filesz=0x20 memsz=0x970 flags=0x6
ELF: segs copied to stage
ELF: stage[0]=0x464c457f after segs copy
ELF: dyn: strtab=0x9a4/1025 symtab=0x2f8 syment=24 rela=0xda8/600 jmprel=0x1000/1104 init_arr=0x0/0
ELF: so built sym_count=71 strsz=1025
ELF: registered
ELF: rela 25 entries
RELA: all 25 entries processed
ELF: rela done
ELF: jmprel 46 entries
bind: free -> shim 0x764212e0
bind: malloc -> shim 0x764212f0
JMPREL: all 46 entries processed
ELF: jmprel done
ELF: strtab/symtab copied
ProcessMap: PT_LOAD[1] rel=0x0 size=0x9000 flags=0x5 perm=Rx rc=0x00000000
ProcessMap: PT_LOAD[2] rel=0x9000 size=0x1000 flags=0x6 perm=Rw rc=0x00000000
ProcessMap: PT_LOAD[3] rel=0xa000 size=0x1000 flags=0x6 perm=Rw rc=0x00000000
ProcessMap: mapped image base=0x74b910000 backing=0x419ba3000 size=0xb000
ELF: process-code copy complete
ELF: loaded OK code_exec=0x74b910000 data_exec=0x74b919000 sym_count=71 unresolved=29
resources[libFarCry.so]: system=0/0 KiB
resources[libFarCry.so]: memory=3359888/3363840 KiB
Loaded Android ARM64 libraries. unresolved=29
ELF ctors: libc++_shared.so
ELF: libc++_shared.so: running 2 constructors
ELF: init_arr[0]=0x7f3793ab0
ELF: init_arr[1]=0x7f37ecc64
ELF: ctor[1/2] @0x7f3793ab0
ELF: ctor[1/2] OK
ELF: ctor[2/2] @0x7f37ecc64
ELF: ctor[2/2] OK
ELF: libc++_shared.so: heap walk covered 283 chunks, stopped: reached the break (no corruption seen)
ELF: libc++_shared.so: ctors done ok=2 failed=0 skipped=0
ELF ctors: libogg.so
ELF ctors: libvorbis.so
ELF ctors: libvorbisenc.so
ELF ctors: libvorbisfile.so
ELF ctors: libopenal.so
ELF: libopenal.so: running 11 constructors
ELF: init_arr[0]=0xcd1ac155c
ELF: init_arr[1]=0xcd1ae7e40
ELF: init_arr[2]=0xcd1aed29c
ELF: init_arr[3]=0xcd1af156c
ELF: ctor[1/11] @0xcd1ac155c
ELF: ctor[1/11] OK
ELF: ctor[2/11] @0xcd1ae7e40
ELF: ctor[2/11] OK
ELF: ctor[3/11] @0xcd1aed29c
ELF: ctor[3/11] OK
ELF: ctor[4/11] @0xcd1af156c
ELF: ctor[4/11] OK
ELF: ctor[5/11] @0xcd1af975c
ELF: ctor[5/11] OK
ELF: ctor[6/11] @0xcd1afaa90
ELF: ctor[6/11] OK
ELF: ctor[7/11] @0xcd1b0c4c8
ELF: ctor[7/11] OK
ELF: ctor[8/11] @0xcd1b0e308
ELF: ctor[8/11] OK
ELF: ctor[9/11] @0xcd1b1be60
ELF: ctor[9/11] OK
ELF: ctor[10/11] @0xcd1b23668
ELF: ctor[10/11] OK
ELF: ctor[11/11] @0xcd1b62ff4
ELF: ctor[11/11] OK
ELF: libopenal.so: heap walk covered 283 chunks, stopped: reached the break (no corruption seen)
ELF: libopenal.so: ctors done ok=11 failed=0 skipped=0
ELF ctors: libSDL3.so
ELF: libSDL3.so: running 2 constructors
ELF: init_arr[0]=0x6e5fe00b0
ELF: init_arr[1]=0x6e6048a94
ELF: ctor[1/2] @0x6e5fe00b0
ELF: ctor[1/2] OK
ELF: ctor[2/2] @0x6e6048a94
ELF: ctor[2/2] OK
ELF: libSDL3.so: heap walk covered 283 chunks, stopped: reached the break (no corruption seen)
ELF: libSDL3.so: ctors done ok=2 failed=0 skipped=0
ELF ctors: libCryInput.so
ELF ctors: libCryScriptSystem.so
ELF ctors: libCryEntitySystem.so
ELF ctors: libCryNetwork.so
ELF ctors: libCrySoundSystem.so
ELF: libCrySoundSystem.so: running 1 constructors
ELF: init_arr[0]=0xb90edd0f0
ELF: ctor[1/1] @0xb90edd0f0
ELF: ctor[1/1] OK
ELF: libCrySoundSystem.so: heap walk covered 283 chunks, stopped: reached the break (no corruption seen)
ELF: libCrySoundSystem.so: ctors done ok=1 failed=0 skipped=0
ELF ctors: libCryMovie.so
ELF: libCryMovie.so: running 4 constructors
ELF: init_arr[0]=0x9b9d465b0
ELF: init_arr[1]=0x9b9d5e7e4
ELF: init_arr[2]=0x9b9d65984
ELF: init_arr[3]=0x9b9d6d478
ELF: ctor[1/4] @0x9b9d465b0
ELF: ctor[1/4] OK
ELF: ctor[2/4] @0x9b9d5e7e4
ELF: ctor[2/4] OK
ELF: ctor[3/4] @0x9b9d65984
ELF: ctor[3/4] OK
ELF: ctor[4/4] @0x9b9d6d478
ELF: ctor[4/4] OK
ELF: libCryMovie.so: heap walk covered 283 chunks, stopped: reached the break (no corruption seen)
ELF: libCryMovie.so: ctors done ok=4 failed=0 skipped=0
ELF ctors: libCryAISystem.so
ELF ctors: libCryFont.so
ELF ctors: libCryAnimation.so
ELF: libCryAnimation.so: running 3 constructors
ELF: init_arr[0]=0xe4d4fd564
ELF: init_arr[1]=0xe4d50c298
ELF: init_arr[2]=0xe4d52b98c
ELF: ctor[1/3] @0xe4d4fd564
ELF: ctor[1/3] OK
ELF: ctor[2/3] @0xe4d50c298
ELF: ctor[2/3] OK
ELF: ctor[3/3] @0xe4d52b98c
ELF: ctor[3/3] OK
ELF: libCryAnimation.so: heap walk covered 283 chunks, stopped: reached the break (no corruption seen)
ELF: libCryAnimation.so: ctors done ok=3 failed=0 skipped=0
ELF ctors: libCry3DEngine.so
ELF: libCry3DEngine.so: running 1 constructors
ELF: init_arr[0]=0x8b1129dfc
ELF: ctor[1/1] @0x8b1129dfc
ELF: ctor[1/1] OK
ELF: libCry3DEngine.so: heap walk covered 283 chunks, stopped: reached the break (no corruption seen)
ELF: libCry3DEngine.so: ctors done ok=1 failed=0 skipped=0
ELF ctors: libCryPhysics.so
ELF: libCryPhysics.so: running 2 constructors
ELF: init_arr[0]=0x2990bc078
ELF: init_arr[1]=0x299111bbc
ELF: ctor[1/2] @0x2990bc078
ELF: ctor[1/2] OK
ELF: ctor[2/2] @0x299111bbc
ELF: ctor[2/2] OK
ELF: libCryPhysics.so: heap walk covered 283 chunks, stopped: reached the break (no corruption seen)
ELF: libCryPhysics.so: ctors done ok=2 failed=0 skipped=0
ELF ctors: libCrySystem.so
ELF: libCrySystem.so: running 8 constructors
ELF: init_arr[0]=0x9677d19b4
ELF: init_arr[1]=0x9677e95b4
ELF: init_arr[2]=0x9677ea05c
ELF: init_arr[3]=0x9677ed0ac
ELF: ctor[1/8] @0x9677d19b4
ELF: ctor[1/8] OK
ELF: ctor[2/8] @0x9677e95b4
ELF: ctor[2/8] OK
ELF: ctor[3/8] @0x9677ea05c
ELF: ctor[3/8] OK
ELF: ctor[4/8] @0x9677ed0ac
ELF: ctor[4/8] OK
ELF: ctor[5/8] @0x9677ee658
ELF: ctor[5/8] OK
ELF: ctor[6/8] @0x9677f2fcc
ELF: ctor[6/8] OK
ELF: ctor[7/8] @0x9677fec7c
ELF: ctor[7/8] OK
ELF: ctor[8/8] @0x96782fd0c
ELF: ctor[8/8] OK
ELF: libCrySystem.so: heap walk covered 283 chunks, stopped: reached the break (no corruption seen)
ELF: libCrySystem.so: ctors done ok=8 failed=0 skipped=0
ELF ctors: libCryGame.so
ELF: libCryGame.so: running 32 constructors
ELF: init_arr[0]=0x9c02b505c
ELF: init_arr[1]=0x9c02bb0b0
ELF: init_arr[2]=0x9c02bd230
ELF: init_arr[3]=0x9c02bf7dc
ELF: ctor[1/32] @0x9c02b505c
ELF: ctor[1/32] OK
ELF: ctor[2/32] @0x9c02bb0b0
ELF: ctor[2/32] OK
ELF: ctor[3/32] @0x9c02bd230
ELF: ctor[3/32] OK
ELF: ctor[4/32] @0x9c02bf7dc
ELF: ctor[4/32] OK
ELF: ctor[5/32] @0x9c02d2d40
ELF: ctor[5/32] OK
ELF: ctor[6/32] @0x9c02d5044
ELF: ctor[6/32] OK
ELF: ctor[7/32] @0x9c02d5c08
ELF: ctor[7/32] OK
ELF: ctor[8/32] @0x9c02e1f14
ELF: ctor[8/32] OK
ELF: ctor[9/32] @0x9c02e32a0
ELF: ctor[9/32] OK
ELF: ctor[10/32] @0x9c02e6c44
ELF: ctor[10/32] OK
ELF: ctor[11/32] @0x9c02e8024
ELF: ctor[11/32] OK
ELF: ctor[12/32] @0x9c02e86cc
ELF: ctor[12/32] OK
ELF: ctor[13/32] @0x9c02e9d04
ELF: ctor[13/32] OK
ELF: ctor[14/32] @0x9c02eaa8c
ELF: ctor[14/32] OK
ELF: ctor[15/32] @0x9c02f95ec
ELF: ctor[15/32] OK
ELF: ctor[16/32] @0x9c02fcf7c
ELF: ctor[16/32] OK
ELF: ctor[17/32] @0x9c03029a8
ELF: ctor[17/32] OK
ELF: ctor[18/32] @0x9c030f47c
ELF: ctor[18/32] OK
ELF: ctor[19/32] @0x9c0310f9c
ELF: ctor[19/32] OK
ELF: ctor[20/32] @0x9c0319cc0
ELF: ctor[20/32] OK
ELF: ctor[21/32] @0x9c031fc48
ELF: ctor[21/32] OK
ELF: ctor[22/32] @0x9c032f8a8
ELF: ctor[22/32] OK
ELF: ctor[23/32] @0x9c0331800
ELF: ctor[23/32] OK
ELF: ctor[24/32] @0x9c0336d2c
ELF: ctor[24/32] OK
ELF: ctor[25/32] @0x9c033cd80
ELF: ctor[25/32] OK
ELF: ctor[26/32] @0x9c03505e8
ELF: ctor[26/32] OK
ELF: ctor[27/32] @0x9c03c24a0
ELF: ctor[27/32] OK
ELF: ctor[28/32] @0x9c03c7ff0
ELF: ctor[28/32] OK
ELF: ctor[29/32] @0x9c03c8cc8
ELF: ctor[29/32] OK
ELF: ctor[30/32] @0x9c03c9c24
ELF: ctor[30/32] OK
ELF: ctor[31/32] @0x9c03cbfc0
ELF: ctor[31/32] OK
ELF: ctor[32/32] @0x9c03d23ac
ELF: ctor[32/32] OK
ELF: libCryGame.so: heap walk covered 283 chunks, stopped: reached the break (no corruption seen)
ELF: libCryGame.so: ctors done ok=32 failed=0 skipped=0
ELF ctors: libXRenderOGL.so
ELF: libXRenderOGL.so: running 19 constructors
ELF: init_arr[0]=0x996fd0998
ELF: init_arr[1]=0x996fd5c64
ELF: init_arr[2]=0x996fd6654
ELF: init_arr[3]=0x996fe1658
ELF: ctor[1/19] @0x996fd0998
ELF: ctor[1/19] OK
ELF: ctor[2/19] @0x996fd5c64
ELF: ctor[2/19] OK
ELF: ctor[3/19] @0x996fd6654
ELF: ctor[3/19] OK
ELF: ctor[4/19] @0x996fe1658
ELF: ctor[4/19] OK
ELF: ctor[5/19] @0x996fe1e88
ELF: ctor[5/19] OK
ELF: ctor[6/19] @0x996ff4080
ELF: ctor[6/19] OK
ELF: ctor[7/19] @0x9970072e4
ELF: ctor[7/19] OK
ELF: ctor[8/19] @0x99700b67c
ELF: ctor[8/19] OK
ELF: ctor[9/19] @0x997010d4c
ELF: ctor[9/19] OK
ELF: ctor[10/19] @0x99701f350
ELF: ctor[10/19] OK
ELF: ctor[11/19] @0x99702a584
ELF: ctor[11/19] OK
ELF: ctor[12/19] @0x997032f84
ELF: ctor[12/19] OK
ELF: ctor[13/19] @0x997051150
ELF: ctor[13/19] OK
ELF: ctor[14/19] @0x99705d810
ELF: ctor[14/19] OK
ELF: ctor[15/19] @0x99706b4a8
ELF: ctor[15/19] OK
ELF: ctor[16/19] @0x997074fb0
ELF: ctor[16/19] OK
ELF: ctor[17/19] @0x9970e7524
ELF: ctor[17/19] OK
ELF: ctor[18/19] @0x9970fa1ec
ELF: ctor[18/19] OK
ELF: ctor[19/19] @0x997104a6c
ELF: ctor[19/19] OK
ELF: libXRenderOGL.so: heap walk covered 283 chunks, stopped: reached the break (no corruption seen)
ELF: libXRenderOGL.so: ctors done ok=19 failed=0 skipped=0
ELF ctors: libFarCry.so
ELF constructors complete
JNI FindClass: org/libsdl/app/SDLActivity
JNI RegisterNative: nativeGetVersion
JNI RegisterNative: nativeSetupJNI
JNI RegisterNative: nativeGetCompiledSubsystems
JNI RegisterNative: nativeIsHIDAPIEnabled
JNI RegisterNative: nativeInitMainThread
JNI RegisterNative: nativeCleanupMainThread
JNI RegisterNative: nativeRunMain
JNI RegisterNative: nativeLowMemory
JNI RegisterNative: onNativeLocaleChanged
JNI RegisterNative: onNativeDarkModeChanged
JNI RegisterNative: nativeSendQuit
JNI RegisterNative: nativeQuit
JNI RegisterNative: nativePause
JNI RegisterNative: nativeResume
JNI RegisterNative: nativeFocusChanged
JNI RegisterNative: nativeGetHint
JNI RegisterNative: nativeGetHintBoolean
JNI RegisterNative: nativeSetenv
JNI RegisterNative: nativePermissionResult
JNI RegisterNative: nativeAllowRecreateActivity
JNI RegisterNative: nativeCheckSDLThreadCounter
JNI RegisterNative: onNativeFileDialog
JNI RegisterNative: onNativeDropFile
JNI RegisterNative: nativeSetScreenResolution
JNI RegisterNative: onNativeResize
JNI RegisterNative: nativeSetNaturalOrientation
JNI RegisterNative: onNativeRotationChanged
JNI RegisterNative: onNativeInsetsChanged
JNI RegisterNative: nativeAddTouch
JNI RegisterNative: onNativeSurfaceCreated
JNI RegisterNative: onNativeSurfaceChanged
JNI RegisterNative: onNativeSurfaceDestroyed
JNI RegisterNative: onNativeScreenKeyboardShown
JNI RegisterNative: onNativeScreenKeyboardHidden
JNI RegisterNative: onNativeKeyDown
JNI RegisterNative: onNativeKeyUp
JNI RegisterNative: onNativeSoftReturnKey
JNI RegisterNative: onNativeKeyboardFocusLost
JNI RegisterNative: onNativeTouch
JNI RegisterNative: onNativePinchStart
JNI RegisterNative: onNativePinchUpdate
JNI RegisterNative: onNativePinchEnd
JNI RegisterNative: onNativeMouse
JNI RegisterNative: onNativePen
JNI RegisterNative: onNativeClipboardChanged
JNI FindClass: org/libsdl/app/SDLInputConnection
JNI RegisterNative: nativeCommitText
JNI RegisterNative: nativeGenerateScancodeForUnichar
JNI FindClass: org/libsdl/app/SDLAudioManager
JNI RegisterNative: nativeSetupJNI
JNI RegisterNative: nativeAddAudioDevice
JNI RegisterNative: nativeRemoveAudioDevice
JNI FindClass: org/libsdl/app/SDLControllerManager
JNI RegisterNative: nativeSetupJNI
JNI RegisterNative: onNativePadDown
JNI RegisterNative: onNativePadUp
JNI RegisterNative: onNativeJoy
JNI RegisterNative: onNativeHat
JNI RegisterNative: onNativeJoySensor
JNI RegisterNative: nativeAddJoystick
JNI RegisterNative: nativeRemoveJoystick
JNI RegisterNative: nativeAddHaptic
JNI RegisterNative: nativeRemoveHaptic
JNI FindClass: org/libsdl/app/HIDDeviceManager
JNI RegisterNative: HIDDeviceRegisterCallback
JNI RegisterNative: HIDDeviceReleaseCallback
JNI RegisterNative: HIDDeviceConnected
JNI RegisterNative: HIDDeviceOpenPending
JNI RegisterNative: HIDDeviceOpenResult
JNI RegisterNative: HIDDeviceDisconnected
JNI RegisterNative: HIDDeviceInputReport
JNI RegisterNative: HIDDeviceReportResponse
SDL: JNI_OnLoad(vm=0x779e5b68) -> 0x10004
[SDL] nativeSetupJNI()
pthread_once: calling fn @0x6e5fda5bc
pthread_key_create → key=0 dtor=0x6e5fda604
pthread_once: fn returned
pthread_setspecific(key=0, val=0x779e5b60)
JNI GetStaticMethodID: getContext ()Landroid/app/Activity;
JNI GetStaticMethodID: getDeviceFormFactor ()Ljava/lang/String;
JNI GetStaticMethodID: getManifestEnvironmentVariables ()Z
JNI GetStaticMethodID: isAndroidTV ()Z
JNI GetStaticMethodID: isChromebook ()Z
JNI GetStaticMethodID: isDeXMode ()Z
JNI GetStaticMethodID: isTablet ()Z
JNI GetStaticMethodID: openURL (Ljava/lang/String;)Z
JNI GetStaticMethodID: requestPermission (Ljava/lang/String;I)V
JNI GetStaticMethodID: showToast (Ljava/lang/String;IIII)Z
JNI GetStaticMethodID: sendMessage (II)Z
JNI GetStaticMethodID: openFileDescriptor (Ljava/lang/String;Ljava/lang/String;)I
JNI GetStaticMethodID: manualBackButton ()V
JNI GetStaticMethodID: showFileDialog ([Ljava/lang/String;ZILjava/lang/String;I)Z
JNI GetStaticMethodID: getPreferredLocales ()Ljava/lang/String;
JNI GetStaticMethodID: setBackButtonTrapEnabled (Z)V
JNI GetStaticMethodID: clipboardGetText ()Ljava/lang/String;
JNI GetStaticMethodID: clipboardHasText ()Z
JNI GetStaticMethodID: clipboardSetText (Ljava/lang/String;)V
JNI GetStaticMethodID: createCustomCursor ([IIIII)I
JNI GetStaticMethodID: destroyCustomCursor (I)V
JNI GetStaticMethodID: getNativeSurface ()Landroid/view/Surface;
JNI GetStaticMethodID: initTouch ()V
JNI GetStaticMethodID: minimizeWindow ()V
JNI GetStaticMethodID: setActivityTitle (Ljava/lang/String;)Z
JNI GetStaticMethodID: setCustomCursor (I)Z
JNI GetStaticMethodID: setOrientation (IIZLjava/lang/String;)V
JNI GetStaticMethodID: setRelativeMouseEnabled (Z)Z
JNI GetStaticMethodID: setSystemCursor (I)Z
JNI GetStaticMethodID: setWindowStyle (Z)V
JNI GetStaticMethodID: shouldMinimizeOnFocusLoss ()Z
JNI GetStaticMethodID: showTextInput (IIIII)Z
JNI GetStaticMethodID: supportsRelativeMouse ()Z
SDL: SDLActivity.nativeSetupJNI() called
JNI GetStaticMethodID: registerAudioDeviceCallback ()V
JNI GetStaticMethodID: unregisterAudioDeviceCallback ()V
JNI GetStaticMethodID: audioSetThreadPriority (ZI)V
SDL: SDLAudioManager.nativeSetupJNI() called
JNI GetStaticMethodID: detectDevices ()V
JNI GetStaticMethodID: joystickSetLED (IIII)V
JNI GetStaticMethodID: joystickSetSensorsEnabled (IZ)V
JNI GetStaticMethodID: detectHapticDevices ()V
JNI GetStaticMethodID: hapticRun (IFI)V
JNI GetStaticMethodID: hapticRumble (IFFI)V
JNI GetStaticMethodID: hapticStop (I)V
SDL: SDLControllerManager.nativeSetupJNI() called
pthread_setspecific(key=0, val=0x779e5b60)
SDL: SDLActivity.nativeInitMainThread() called
SDL: Android JNI bootstrap complete for direct guest SDL_main
Starting Far Cry: 0x74b913354 argc=7
remove BLOCKED: protected config system.cfg
remove BLOCKED: protected config System.cfg
remove BLOCKED: protected config SYSTEM.CFG
pthread_key_create → key=1 dtor=0x0
JNI GetMethodID: getPackageName ()Ljava/lang/String;
JNI CallObjectMethodV
pthread_getspecific(key=1) → scratch buf (first use)
JNI CallStaticVoidMethodV: setBackButtonTrapEnabled (Z)V
JNI CallStaticVoidMethodV: initTouch ()V
realloc: unowned ptr 0x77a00710 — returning fresh block
pthread_setspecific(key=1, val=0x419ec9e80)
JNI CallStaticBooleanMethodV: sendMessage → false
dlopen: libCrySystem.so already loaded → 0x41a5a80a0
dlopen: libCryScriptSystem.so already loaded → 0x419a750a0
remove BLOCKED: protected config system.cfg
remove BLOCKED: protected config System.cfg
remove BLOCKED: protected config SYSTEM.CFG
dlopen: libCryNetwork.so already loaded → 0x4199e90a0
net: gethostbyname(switch) → offline
dlopen: libCryPhysics.so already loaded → 0x419735cc0
dlopen: libCryMovie.so already loaded → 0x419eb10a0
dlopen: libXRenderOGL.so already loaded → 0x419acc6c0
dlopen: libGLESv2.so -> Mesa host shim handle
dlopen: libEGL.so -> Mesa host shim handle
JNI CallStaticVoidMethodV: setOrientation (IIZLjava/lang/String;)V
EGL: eglCreateWindowSurface(win=0x779dc8f8 -> 0x77a3b208) -> 0x419781c00 (err=0x3000)
JNI CallStaticVoidMethodV: setWindowStyle (Z)V
SDL: SDL_CreateWindow(- Far Cry - Sep 19 2026 (21:17:25),1024,768,0x2) -> 0x419ca2d10 err=
EGL: eglCreateContext(share=0x0) -> 0x419782110 (err=0x3000)
EGL: eglMakeCurrent(draw=0x419781c00 ctx=0x419782110) -> 1 (err=0x3000)
SDL: SDL_GL_CreateContext(0x419ca2d10) -> 0x419782110 err=
SDL: SDL_GL_MakeCurrent(0x419ca2d10,0x419782110) -> 1 err=
dlopen: libGL.so -> Mesa host shim handle
dlopen: loading libGL.so.1 on demand from /switch/NearChuckle_nx/game/lib/libGL.so.1
ELF: loading /switch/NearChuckle_nx/game/lib/libGL.so.1
ELF: fopen failed
dlopen: elfLoad failed for /switch/NearChuckle_nx/game/lib/libGL.so.1
dlopen: libGL.so.1 not resolvable to a loaded .so — sentinel handle
dlopen: loading libGLESv3.so on demand from /switch/NearChuckle_nx/game/lib/libGLESv3.so
ELF: loading /switch/NearChuckle_nx/game/lib/libGLESv3.so
ELF: fopen failed
dlopen: elfLoad failed for /switch/NearChuckle_nx/game/lib/libGLESv3.so
dlopen: libGLESv3.so not resolvable to a loaded .so — sentinel handle
dlopen: libGLESv2.so -> Mesa host shim handle
dlopen: libGLESv1_CM.so -> Mesa host shim handle
dlsym: unresolved set_getprocaddress
dlsym: unresolved initialize_gl4es
dlsym: unresolved glAccum
dlsym: unresolved glAccum
dlsym: unresolved glAccum
dlsym: unresolved _glAccum
dlsym: unresolved glArrayElement
dlsym: unresolved glArrayElement
dlsym: unresolved glArrayElement
dlsym: unresolved _glArrayElement
dlsym: unresolved glBitmap
dlsym: unresolved glBitmap
dlsym: unresolved glBitmap
dlsym: unresolved _glBitmap
dlsym: unresolved glCallList
dlsym: unresolved glCallList
dlsym: unresolved glCallList
dlsym: unresolved _glCallList
dlsym: unresolved glCallLists
dlsym: unresolved glCallLists
dlsym: unresolved glCallLists
dlsym: unresolved _glCallLists
dlsym: unresolved glClearAccum
dlsym: unresolved glClearAccum
dlsym: unresolved glClearAccum
dlsym: unresolved _glClearAccum
dlsym: unresolved glClearIndex
dlsym: unresolved glClearIndex
dlsym: unresolved glClearIndex
dlsym: unresolved _glClearIndex
dlsym: unresolved glColor3b
dlsym: unresolved glColor3b
dlsym: unresolved glColor3b
dlsym: unresolved _glColor3b
dlsym: unresolved glColor3bv
dlsym: unresolved glColor3bv
dlsym: unresolved glColor3bv
dlsym: unresolved _glColor3bv
dlsym: unresolved glColor3d
dlsym: unresolved glColor3d
dlsym: unresolved glColor3d
dlsym: unresolved _glColor3d
dlsym: unresolved glColor3dv
dlsym: unresolved glColor3dv
dlsym: unresolved glColor3dv
dlsym: unresolved _glColor3dv
dlsym: unresolved glColor3i
dlsym: unresolved glColor3i
dlsym: unresolved glColor3i
dlsym: unresolved _glColor3i
dlsym: unresolved glColor3iv
dlsym: unresolved glColor3iv
dlsym: unresolved glColor3iv
dlsym: unresolved _glColor3iv
dlsym: unresolved glColor3s
dlsym: unresolved glColor3s
dlsym: unresolved glColor3s
dlsym: unresolved _glColor3s
dlsym: unresolved glColor3sv
dlsym: unresolved glColor3sv
dlsym: unresolved glColor3sv
dlsym: unresolved _glColor3sv
dlsym: unresolved glColor3ub
dlsym: unresolved glColor3ub
dlsym: unresolved glColor3ub
dlsym: unresolved _glColor3ub
dlsym: unresolved glColor3ubv
dlsym: unresolved glColor3ubv
dlsym: unresolved glColor3ubv
dlsym: unresolved _glColor3ubv
dlsym: unresolved glColor3ui
dlsym: unresolved glColor3ui
dlsym: unresolved glColor3ui
dlsym: unresolved _glColor3ui
dlsym: unresolved glColor3uiv
dlsym: unresolved glColor3uiv
dlsym: unresolved glColor3uiv
dlsym: unresolved _glColor3uiv
dlsym: unresolved glColor3us
dlsym: unresolved glColor3us
dlsym: unresolved glColor3us
dlsym: unresolved _glColor3us
dlsym: unresolved glColor3usv
dlsym: unresolved glColor3usv
dlsym: unresolved glColor3usv
dlsym: unresolved _glColor3usv
dlsym: unresolved glColor4b
dlsym: unresolved glColor4b
dlsym: unresolved glColor4b
dlsym: unresolved _glColor4b
dlsym: unresolved glColor4bv
dlsym: unresolved glColor4bv
dlsym: unresolved glColor4bv
dlsym: unresolved _glColor4bv
dlsym: unresolved glColor4d
dlsym: unresolved glColor4d
dlsym: unresolved glColor4d
dlsym: unresolved _glColor4d
dlsym: unresolved glColor4dv
dlsym: unresolved glColor4dv
dlsym: unresolved glColor4dv
dlsym: unresolved _glColor4dv
dlsym: unresolved glColor4i
dlsym: unresolved glColor4i
dlsym: unresolved glColor4i
dlsym: unresolved _glColor4i
dlsym: unresolved glColor4iv
dlsym: unresolved glColor4iv
dlsym: unresolved glColor4iv
dlsym: unresolved _glColor4iv
dlsym: unresolved glColor4s
dlsym: unresolved glColor4s
dlsym: unresolved glColor4s
dlsym: unresolved _glColor4s
dlsym: unresolved glColor4sv
dlsym: unresolved glColor4sv
dlsym: unresolved glColor4sv
dlsym: unresolved _glColor4sv
dlsym: unresolved glColor4ub
dlsym: unresolved glColor4ub
dlsym: unresolved glColor4ub
dlsym: unresolved _glColor4ub
dlsym: unresolved glColor4ubv
dlsym: unresolved glColor4ubv
dlsym: unresolved glColor4ubv
dlsym: unresolved _glColor4ubv
dlsym: unresolved glColor4ui
dlsym: unresolved glColor4ui
dlsym: unresolved glColor4ui
dlsym: unresolved _glColor4ui
dlsym: unresolved glColor4uiv
dlsym: unresolved glColor4uiv
dlsym: unresolved glColor4uiv
dlsym: unresolved _glColor4uiv
dlsym: unresolved glColor4us
dlsym: unresolved glColor4us
dlsym: unresolved glColor4us
dlsym: unresolved _glColor4us
dlsym: unresolved glColor4usv
dlsym: unresolved glColor4usv
dlsym: unresolved glColor4usv
dlsym: unresolved _glColor4usv
dlsym: unresolved glColorMaterial
dlsym: unresolved glColorMaterial
dlsym: unresolved glColorMaterial
dlsym: unresolved _glColorMaterial
dlsym: unresolved glCopyPixels
dlsym: unresolved glCopyPixels
dlsym: unresolved glCopyPixels
dlsym: unresolved _glCopyPixels
dlsym: unresolved glCopyTexImage1D
dlsym: unresolved glCopyTexImage1D
dlsym: unresolved glCopyTexImage1D
dlsym: unresolved _glCopyTexImage1D
dlsym: unresolved glCopyTexSubImage1D
dlsym: unresolved glCopyTexSubImage1D
dlsym: unresolved glCopyTexSubImage1D
dlsym: unresolved _glCopyTexSubImage1D
dlsym: unresolved glDeleteLists
dlsym: unresolved glDeleteLists
dlsym: unresolved glDeleteLists
dlsym: unresolved _glDeleteLists
dlsym: unresolved glDrawPixels
dlsym: unresolved glDrawPixels
dlsym: unresolved glDrawPixels
dlsym: unresolved _glDrawPixels
dlsym: unresolved glEdgeFlag
dlsym: unresolved glEdgeFlag
dlsym: unresolved glEdgeFlag
dlsym: unresolved _glEdgeFlag
dlsym: unresolved glEdgeFlagPointer
dlsym: unresolved glEdgeFlagPointer
dlsym: unresolved glEdgeFlagPointer
dlsym: unresolved _glEdgeFlagPointer
dlsym: unresolved glEdgeFlagv
dlsym: unresolved glEdgeFlagv
dlsym: unresolved glEdgeFlagv
dlsym: unresolved _glEdgeFlagv
dlsym: unresolved glEndList
dlsym: unresolved glEndList
dlsym: unresolved glEndList
dlsym: unresolved _glEndList
dlsym: unresolved glEvalCoord1d
dlsym: unresolved glEvalCoord1d
dlsym: unresolved glEvalCoord1d
dlsym: unresolved _glEvalCoord1d
dlsym: unresolved glEvalCoord1dv
dlsym: unresolved glEvalCoord1dv
dlsym: unresolved glEvalCoord1dv
dlsym: unresolved _glEvalCoord1dv
dlsym: unresolved glEvalCoord1f
dlsym: unresolved glEvalCoord1f
dlsym: unresolved glEvalCoord1f
dlsym: unresolved _glEvalCoord1f
dlsym: unresolved glEvalCoord1fv
dlsym: unresolved glEvalCoord1fv
dlsym: unresolved glEvalCoord1fv
dlsym: unresolved _glEvalCoord1fv
dlsym: unresolved glEvalCoord2d
dlsym: unresolved glEvalCoord2d
dlsym: unresolved glEvalCoord2d
dlsym: unresolved _glEvalCoord2d
dlsym: unresolved glEvalCoord2dv
dlsym: unresolved glEvalCoord2dv
dlsym: unresolved glEvalCoord2dv
dlsym: unresolved _glEvalCoord2dv
dlsym: unresolved glEvalCoord2f
dlsym: unresolved glEvalCoord2f
dlsym: unresolved glEvalCoord2f
dlsym: unresolved _glEvalCoord2f
dlsym: unresolved glEvalCoord2fv
dlsym: unresolved glEvalCoord2fv
dlsym: unresolved glEvalCoord2fv
dlsym: unresolved _glEvalCoord2fv
dlsym: unresolved glEvalMesh1
dlsym: unresolved glEvalMesh1
dlsym: unresolved glEvalMesh1
dlsym: unresolved _glEvalMesh1
dlsym: unresolved glEvalMesh2
dlsym: unresolved glEvalMesh2
dlsym: unresolved glEvalMesh2
dlsym: unresolved _glEvalMesh2
dlsym: unresolved glEvalPoint1
dlsym: unresolved glEvalPoint1
dlsym: unresolved glEvalPoint1
dlsym: unresolved _glEvalPoint1
dlsym: unresolved glEvalPoint2
dlsym: unresolved glEvalPoint2
dlsym: unresolved glEvalPoint2
dlsym: unresolved _glEvalPoint2
dlsym: unresolved glFeedbackBuffer
dlsym: unresolved glFeedbackBuffer
dlsym: unresolved glFeedbackBuffer
dlsym: unresolved _glFeedbackBuffer
dlsym: unresolved glFogiv
dlsym: unresolved glFogiv
dlsym: unresolved glFogiv
dlsym: unresolved _glFogiv
dlsym: unresolved glFrustum
dlsym: unresolved glFrustum
dlsym: unresolved glFrustum
dlsym: unresolved _glFrustum
dlsym: unresolved glGenLists
dlsym: unresolved glGenLists
dlsym: unresolved glGenLists
dlsym: unresolved _glGenLists
dlsym: unresolved glGetClipPlane
dlsym: unresolved glGetClipPlane
dlsym: unresolved glGetClipPlane
dlsym: unresolved _glGetClipPlane
dlsym: unresolved glGetLightfv
dlsym: unresolved glGetLightfv
dlsym: unresolved glGetLightfv
dlsym: unresolved _glGetLightfv
dlsym: unresolved glGetLightiv
dlsym: unresolved glGetLightiv
dlsym: unresolved glGetLightiv
dlsym: unresolved _glGetLightiv
dlsym: unresolved glGetMapdv
dlsym: unresolved glGetMapdv
dlsym: unresolved glGetMapdv
dlsym: unresolved _glGetMapdv
dlsym: unresolved glGetMapfv
dlsym: unresolved glGetMapfv
dlsym: unresolved glGetMapfv
dlsym: unresolved _glGetMapfv
dlsym: unresolved glGetMapiv
dlsym: unresolved glGetMapiv
dlsym: unresolved glGetMapiv
dlsym: unresolved _glGetMapiv
dlsym: unresolved glGetMaterialfv
dlsym: unresolved glGetMaterialfv
dlsym: unresolved glGetMaterialfv
dlsym: unresolved _glGetMaterialfv
dlsym: unresolved glGetMaterialiv
dlsym: unresolved glGetMaterialiv
dlsym: unresolved glGetMaterialiv
dlsym: unresolved _glGetMaterialiv
dlsym: unresolved glGetPixelMapfv
dlsym: unresolved glGetPixelMapfv
dlsym: unresolved glGetPixelMapfv
dlsym: unresolved _glGetPixelMapfv
dlsym: unresolved glGetPixelMapuiv
dlsym: unresolved glGetPixelMapuiv
dlsym: unresolved glGetPixelMapuiv
dlsym: unresolved _glGetPixelMapuiv
dlsym: unresolved glGetPixelMapusv
dlsym: unresolved glGetPixelMapusv
dlsym: unresolved glGetPixelMapusv
dlsym: unresolved _glGetPixelMapusv
dlsym: unresolved glGetPointerv
dlsym: unresolved glGetPointerv
dlsym: unresolved glGetPointerv
dlsym: unresolved _glGetPointerv
dlsym: unresolved glGetPolygonStipple
dlsym: unresolved glGetPolygonStipple
dlsym: unresolved glGetPolygonStipple
dlsym: unresolved _glGetPolygonStipple
dlsym: unresolved glGetTexEnvfv
dlsym: unresolved glGetTexEnvfv
dlsym: unresolved glGetTexEnvfv
dlsym: unresolved _glGetTexEnvfv
dlsym: unresolved glGetTexEnviv
dlsym: unresolved glGetTexEnviv
dlsym: unresolved glGetTexEnviv
dlsym: unresolved _glGetTexEnviv
dlsym: unresolved glGetTexGendv
dlsym: unresolved glGetTexGendv
dlsym: unresolved glGetTexGendv
dlsym: unresolved _glGetTexGendv
dlsym: unresolved glGetTexGenfv
dlsym: unresolved glGetTexGenfv
dlsym: unresolved glGetTexGenfv
dlsym: unresolved _glGetTexGenfv
dlsym: unresolved glGetTexGeniv
dlsym: unresolved glGetTexGeniv
dlsym: unresolved glGetTexGeniv
dlsym: unresolved _glGetTexGeniv
dlsym: unresolved glGetTexLevelParameterfv
dlsym: unresolved glGetTexLevelParameterfv
dlsym: unresolved glGetTexLevelParameterfv
dlsym: unresolved _glGetTexLevelParameterfv
dlsym: unresolved glIndexMask
dlsym: unresolved glIndexMask
dlsym: unresolved glIndexMask
dlsym: unresolved _glIndexMask
dlsym: unresolved glIndexPointer
dlsym: unresolved glIndexPointer
dlsym: unresolved glIndexPointer
dlsym: unresolved _glIndexPointer
dlsym: unresolved glIndexd
dlsym: unresolved glIndexd
dlsym: unresolved glIndexd
dlsym: unresolved _glIndexd
dlsym: unresolved glIndexdv
dlsym: unresolved glIndexdv
dlsym: unresolved glIndexdv
dlsym: unresolved _glIndexdv
dlsym: unresolved glIndexf
dlsym: unresolved glIndexf
dlsym: unresolved glIndexf
dlsym: unresolved _glIndexf
dlsym: unresolved glIndexfv
dlsym: unresolved glIndexfv
dlsym: unresolved glIndexfv
dlsym: unresolved _glIndexfv
dlsym: unresolved glIndexi
dlsym: unresolved glIndexi
dlsym: unresolved glIndexi
dlsym: unresolved _glIndexi
dlsym: unresolved glIndexiv
dlsym: unresolved glIndexiv
dlsym: unresolved glIndexiv
dlsym: unresolved _glIndexiv
dlsym: unresolved glIndexs
dlsym: unresolved glIndexs
dlsym: unresolved glIndexs
dlsym: unresolved _glIndexs
dlsym: unresolved glIndexsv
dlsym: unresolved glIndexsv
dlsym: unresolved glIndexsv
dlsym: unresolved _glIndexsv
dlsym: unresolved glIndexub
dlsym: unresolved glIndexub
dlsym: unresolved glIndexub
dlsym: unresolved _glIndexub
dlsym: unresolved glIndexubv
dlsym: unresolved glIndexubv
dlsym: unresolved glIndexubv
dlsym: unresolved _glIndexubv
dlsym: unresolved glInitNames
dlsym: unresolved glInitNames
dlsym: unresolved glInitNames
dlsym: unresolved _glInitNames
dlsym: unresolved glInterleavedArrays
dlsym: unresolved glInterleavedArrays
dlsym: unresolved glInterleavedArrays
dlsym: unresolved _glInterleavedArrays
dlsym: unresolved glIsList
dlsym: unresolved glIsList
dlsym: unresolved glIsList
dlsym: unresolved _glIsList
dlsym: unresolved glLightModelf
dlsym: unresolved glLightModelf
dlsym: unresolved glLightModelf
dlsym: unresolved _glLightModelf
dlsym: unresolved glLightModeliv
dlsym: unresolved glLightModeliv
dlsym: unresolved glLightModeliv
dlsym: unresolved _glLightModeliv
dlsym: unresolved glLighti
dlsym: unresolved glLighti
dlsym: unresolved glLighti
dlsym: unresolved _glLighti
dlsym: unresolved glLightiv
dlsym: unresolved glLightiv
dlsym: unresolved glLightiv
dlsym: unresolved _glLightiv
dlsym: unresolved glLineStipple
dlsym: unresolved glLineStipple
dlsym: unresolved glLineStipple
dlsym: unresolved _glLineStipple
dlsym: unresolved glListBase
dlsym: unresolved glListBase
dlsym: unresolved glListBase
dlsym: unresolved _glListBase
dlsym: unresolved glLoadMatrixd
dlsym: unresolved glLoadMatrixd
dlsym: unresolved glLoadMatrixd
dlsym: unresolved _glLoadMatrixd
dlsym: unresolved glLoadName
dlsym: unresolved glLoadName
dlsym: unresolved glLoadName
dlsym: unresolved _glLoadName
dlsym: unresolved glLogicOp
dlsym: unresolved glLogicOp
dlsym: unresolved glLogicOp
dlsym: unresolved _glLogicOp
dlsym: unresolved glMap1d
dlsym: unresolved glMap1d
dlsym: unresolved glMap1d
dlsym: unresolved _glMap1d
dlsym: unresolved glMap1f
dlsym: unresolved glMap1f
dlsym: unresolved glMap1f
dlsym: unresolved _glMap1f
dlsym: unresolved glMap2d
dlsym: unresolved glMap2d
dlsym: unresolved glMap2d
dlsym: unresolved _glMap2d
dlsym: unresolved glMap2f
dlsym: unresolved glMap2f
dlsym: unresolved glMap2f
dlsym: unresolved _glMap2f
dlsym: unresolved glMapGrid1d
dlsym: unresolved glMapGrid1d
dlsym: unresolved glMapGrid1d
dlsym: unresolved _glMapGrid1d
dlsym: unresolved glMapGrid1f
dlsym: unresolved glMapGrid1f
dlsym: unresolved glMapGrid1f
dlsym: unresolved _glMapGrid1f
dlsym: unresolved glMapGrid2d
dlsym: unresolved glMapGrid2d
dlsym: unresolved glMapGrid2d
dlsym: unresolved _glMapGrid2d
dlsym: unresolved glMapGrid2f
dlsym: unresolved glMapGrid2f
dlsym: unresolved glMapGrid2f
dlsym: unresolved _glMapGrid2f
dlsym: unresolved glMateriali
dlsym: unresolved glMateriali
dlsym: unresolved glMateriali
dlsym: unresolved _glMateriali
dlsym: unresolved glMaterialiv
dlsym: unresolved glMaterialiv
dlsym: unresolved glMaterialiv
dlsym: unresolved _glMaterialiv
dlsym: unresolved glMultMatrixd
dlsym: unresolved glMultMatrixd
dlsym: unresolved glMultMatrixd
dlsym: unresolved _glMultMatrixd
dlsym: unresolved glNewList
dlsym: unresolved glNewList
dlsym: unresolved glNewList
dlsym: unresolved _glNewList
dlsym: unresolved glNormal3b
dlsym: unresolved glNormal3b
dlsym: unresolved glNormal3b
dlsym: unresolved _glNormal3b
dlsym: unresolved glNormal3bv
dlsym: unresolved glNormal3bv
dlsym: unresolved glNormal3bv
dlsym: unresolved _glNormal3bv
dlsym: unresolved glNormal3d
dlsym: unresolved glNormal3d
dlsym: unresolved glNormal3d
dlsym: unresolved _glNormal3d
dlsym: unresolved glNormal3dv
dlsym: unresolved glNormal3dv
dlsym: unresolved glNormal3dv
dlsym: unresolved _glNormal3dv
dlsym: unresolved glNormal3f
dlsym: unresolved glNormal3f
dlsym: unresolved glNormal3f
dlsym: unresolved _glNormal3f
dlsym: unresolved glNormal3fv
dlsym: unresolved glNormal3fv
dlsym: unresolved glNormal3fv
dlsym: unresolved _glNormal3fv
dlsym: unresolved glNormal3i
dlsym: unresolved glNormal3i
dlsym: unresolved glNormal3i
dlsym: unresolved _glNormal3i
dlsym: unresolved glNormal3iv
dlsym: unresolved glNormal3iv
dlsym: unresolved glNormal3iv
dlsym: unresolved _glNormal3iv
dlsym: unresolved glNormal3s
dlsym: unresolved glNormal3s
dlsym: unresolved glNormal3s
dlsym: unresolved _glNormal3s
dlsym: unresolved glNormal3sv
dlsym: unresolved glNormal3sv
dlsym: unresolved glNormal3sv
dlsym: unresolved _glNormal3sv
dlsym: unresolved glPassThrough
dlsym: unresolved glPassThrough
dlsym: unresolved glPassThrough
dlsym: unresolved _glPassThrough
dlsym: unresolved glPixelMapfv
dlsym: unresolved glPixelMapfv
dlsym: unresolved glPixelMapfv
dlsym: unresolved _glPixelMapfv
dlsym: unresolved glPixelMapuiv
dlsym: unresolved glPixelMapuiv
dlsym: unresolved glPixelMapuiv
dlsym: unresolved _glPixelMapuiv
dlsym: unresolved glPixelMapusv
dlsym: unresolved glPixelMapusv
dlsym: unresolved glPixelMapusv
dlsym: unresolved _glPixelMapusv
dlsym: unresolved glPixelStoref
dlsym: unresolved glPixelStoref
dlsym: unresolved glPixelStoref
dlsym: unresolved _glPixelStoref
dlsym: unresolved glPixelTransferf
dlsym: unresolved glPixelTransferf
dlsym: unresolved glPixelTransferf
dlsym: unresolved _glPixelTransferf
dlsym: unresolved glPixelTransferi
dlsym: unresolved glPixelTransferi
dlsym: unresolved glPixelTransferi
dlsym: unresolved _glPixelTransferi
dlsym: unresolved glPixelZoom
dlsym: unresolved glPixelZoom
dlsym: unresolved glPixelZoom
dlsym: unresolved _glPixelZoom
dlsym: unresolved glPolygonStipple
dlsym: unresolved glPolygonStipple
dlsym: unresolved glPolygonStipple
dlsym: unresolved _glPolygonStipple
dlsym: unresolved glPopAttrib
dlsym: unresolved glPopAttrib
dlsym: unresolved glPopAttrib
dlsym: unresolved _glPopAttrib
dlsym: unresolved glPopClientAttrib
dlsym: unresolved glPopClientAttrib
dlsym: unresolved glPopClientAttrib
dlsym: unresolved _glPopClientAttrib
dlsym: unresolved glPopName
dlsym: unresolved glPopName
dlsym: unresolved glPopName
dlsym: unresolved _glPopName
dlsym: unresolved glPrioritizeTextures
dlsym: unresolved glPrioritizeTextures
dlsym: unresolved glPrioritizeTextures
dlsym: unresolved _glPrioritizeTextures
dlsym: unresolved glPushAttrib
dlsym: unresolved glPushAttrib
dlsym: unresolved glPushAttrib
dlsym: unresolved _glPushAttrib
dlsym: unresolved glPushClientAttrib
dlsym: unresolved glPushClientAttrib
dlsym: unresolved glPushClientAttrib
dlsym: unresolved _glPushClientAttrib
dlsym: unresolved glPushName
dlsym: unresolved glPushName
dlsym: unresolved glPushName
dlsym: unresolved _glPushName
dlsym: unresolved glRasterPos2d
dlsym: unresolved glRasterPos2d
dlsym: unresolved glRasterPos2d
dlsym: unresolved _glRasterPos2d
dlsym: unresolved glRasterPos2dv
dlsym: unresolved glRasterPos2dv
dlsym: unresolved glRasterPos2dv
dlsym: unresolved _glRasterPos2dv
dlsym: unresolved glRasterPos2f
dlsym: unresolved glRasterPos2f
dlsym: unresolved glRasterPos2f
dlsym: unresolved _glRasterPos2f
dlsym: unresolved glRasterPos2fv
dlsym: unresolved glRasterPos2fv
dlsym: unresolved glRasterPos2fv
dlsym: unresolved _glRasterPos2fv
dlsym: unresolved glRasterPos2i
dlsym: unresolved glRasterPos2i
dlsym: unresolved glRasterPos2i
dlsym: unresolved _glRasterPos2i
dlsym: unresolved glRasterPos2iv
dlsym: unresolved glRasterPos2iv
dlsym: unresolved glRasterPos2iv
dlsym: unresolved _glRasterPos2iv
dlsym: unresolved glRasterPos2s
dlsym: unresolved glRasterPos2s
dlsym: unresolved glRasterPos2s
dlsym: unresolved _glRasterPos2s
dlsym: unresolved glRasterPos2sv
dlsym: unresolved glRasterPos2sv
dlsym: unresolved glRasterPos2sv
dlsym: unresolved _glRasterPos2sv
dlsym: unresolved glRasterPos3d
dlsym: unresolved glRasterPos3d
dlsym: unresolved glRasterPos3d
dlsym: unresolved _glRasterPos3d
dlsym: unresolved glRasterPos3dv
dlsym: unresolved glRasterPos3dv
dlsym: unresolved glRasterPos3dv
dlsym: unresolved _glRasterPos3dv
dlsym: unresolved glRasterPos3f
dlsym: unresolved glRasterPos3f
dlsym: unresolved glRasterPos3f
dlsym: unresolved _glRasterPos3f
dlsym: unresolved glRasterPos3fv
dlsym: unresolved glRasterPos3fv
dlsym: unresolved glRasterPos3fv
dlsym: unresolved _glRasterPos3fv
dlsym: unresolved glRasterPos3i
dlsym: unresolved glRasterPos3i
dlsym: unresolved glRasterPos3i
dlsym: unresolved _glRasterPos3i
dlsym: unresolved glRasterPos3iv
dlsym: unresolved glRasterPos3iv
dlsym: unresolved glRasterPos3iv
dlsym: unresolved _glRasterPos3iv
dlsym: unresolved glRasterPos3s
dlsym: unresolved glRasterPos3s
dlsym: unresolved glRasterPos3s
dlsym: unresolved _glRasterPos3s
dlsym: unresolved glRasterPos3sv
dlsym: unresolved glRasterPos3sv
dlsym: unresolved glRasterPos3sv
dlsym: unresolved _glRasterPos3sv
dlsym: unresolved glRasterPos4d
dlsym: unresolved glRasterPos4d
dlsym: unresolved glRasterPos4d
dlsym: unresolved _glRasterPos4d
dlsym: unresolved glRasterPos4dv
dlsym: unresolved glRasterPos4dv
dlsym: unresolved glRasterPos4dv
dlsym: unresolved _glRasterPos4dv
dlsym: unresolved glRasterPos4f
dlsym: unresolved glRasterPos4f
dlsym: unresolved glRasterPos4f
dlsym: unresolved _glRasterPos4f
dlsym: unresolved glRasterPos4fv
dlsym: unresolved glRasterPos4fv
dlsym: unresolved glRasterPos4fv
dlsym: unresolved _glRasterPos4fv
dlsym: unresolved glRasterPos4i
dlsym: unresolved glRasterPos4i
dlsym: unresolved glRasterPos4i
dlsym: unresolved _glRasterPos4i
dlsym: unresolved glRasterPos4iv
dlsym: unresolved glRasterPos4iv
dlsym: unresolved glRasterPos4iv
dlsym: unresolved _glRasterPos4iv
dlsym: unresolved glRasterPos4s
dlsym: unresolved glRasterPos4s
dlsym: unresolved glRasterPos4s
dlsym: unresolved _glRasterPos4s
dlsym: unresolved glRasterPos4sv
dlsym: unresolved glRasterPos4sv
dlsym: unresolved glRasterPos4sv
dlsym: unresolved _glRasterPos4sv
dlsym: unresolved glRectd
dlsym: unresolved glRectd
dlsym: unresolved glRectd
dlsym: unresolved _glRectd
dlsym: unresolved glRectdv
dlsym: unresolved glRectdv
dlsym: unresolved glRectdv
dlsym: unresolved _glRectdv
dlsym: unresolved glRectf
dlsym: unresolved glRectf
dlsym: unresolved glRectf
dlsym: unresolved _glRectf
dlsym: unresolved glRectfv
dlsym: unresolved glRectfv
dlsym: unresolved glRectfv
dlsym: unresolved _glRectfv
dlsym: unresolved glRecti
dlsym: unresolved glRecti
dlsym: unresolved glRecti
dlsym: unresolved _glRecti
dlsym: unresolved glRectiv
dlsym: unresolved glRectiv
dlsym: unresolved glRectiv
dlsym: unresolved _glRectiv
dlsym: unresolved glRects
dlsym: unresolved glRects
dlsym: unresolved glRects
dlsym: unresolved _glRects
dlsym: unresolved glRectsv
dlsym: unresolved glRectsv
dlsym: unresolved glRectsv
dlsym: unresolved _glRectsv
dlsym: unresolved glRenderMode
dlsym: unresolved glRenderMode
dlsym: unresolved glRenderMode
dlsym: unresolved _glRenderMode
dlsym: unresolved glRotated
dlsym: unresolved glRotated
dlsym: unresolved glRotated
dlsym: unresolved _glRotated
dlsym: unresolved glScaled
dlsym: unresolved glScaled
dlsym: unresolved glScaled
dlsym: unresolved _glScaled
dlsym: unresolved glSelectBuffer
dlsym: unresolved glSelectBuffer
dlsym: unresolved glSelectBuffer
dlsym: unresolved _glSelectBuffer
dlsym: unresolved glTexCoord1d
dlsym: unresolved glTexCoord1d
dlsym: unresolved glTexCoord1d
dlsym: unresolved _glTexCoord1d
dlsym: unresolved glTexCoord1dv
dlsym: unresolved glTexCoord1dv
dlsym: unresolved glTexCoord1dv
dlsym: unresolved _glTexCoord1dv
dlsym: unresolved glTexCoord1f
dlsym: unresolved glTexCoord1f
dlsym: unresolved glTexCoord1f
dlsym: unresolved _glTexCoord1f
dlsym: unresolved glTexCoord1fv
dlsym: unresolved glTexCoord1fv
dlsym: unresolved glTexCoord1fv
dlsym: unresolved _glTexCoord1fv
dlsym: unresolved glTexCoord1i
dlsym: unresolved glTexCoord1i
dlsym: unresolved glTexCoord1i
dlsym: unresolved _glTexCoord1i
dlsym: unresolved glTexCoord1iv
dlsym: unresolved glTexCoord1iv
dlsym: unresolved glTexCoord1iv
dlsym: unresolved _glTexCoord1iv
dlsym: unresolved glTexCoord1s
dlsym: unresolved glTexCoord1s
dlsym: unresolved glTexCoord1s
dlsym: unresolved _glTexCoord1s
dlsym: unresolved glTexCoord1sv
dlsym: unresolved glTexCoord1sv
dlsym: unresolved glTexCoord1sv
dlsym: unresolved _glTexCoord1sv
dlsym: unresolved glTexCoord2d
dlsym: unresolved glTexCoord2d
dlsym: unresolved glTexCoord2d
dlsym: unresolved _glTexCoord2d
dlsym: unresolved glTexCoord2dv
dlsym: unresolved glTexCoord2dv
dlsym: unresolved glTexCoord2dv
dlsym: unresolved _glTexCoord2dv
dlsym: unresolved glTexCoord2fv
dlsym: unresolved glTexCoord2fv
dlsym: unresolved glTexCoord2fv
dlsym: unresolved _glTexCoord2fv
dlsym: unresolved glTexCoord2i
dlsym: unresolved glTexCoord2i
dlsym: unresolved glTexCoord2i
dlsym: unresolved _glTexCoord2i
dlsym: unresolved glTexCoord2iv
dlsym: unresolved glTexCoord2iv
dlsym: unresolved glTexCoord2iv
dlsym: unresolved _glTexCoord2iv
dlsym: unresolved glTexCoord2s
dlsym: unresolved glTexCoord2s
dlsym: unresolved glTexCoord2s
dlsym: unresolved _glTexCoord2s
dlsym: unresolved glTexCoord2sv
dlsym: unresolved glTexCoord2sv
dlsym: unresolved glTexCoord2sv
dlsym: unresolved _glTexCoord2sv
dlsym: unresolved glTexCoord3d
dlsym: unresolved glTexCoord3d
dlsym: unresolved glTexCoord3d
dlsym: unresolved _glTexCoord3d
dlsym: unresolved glTexCoord3dv
dlsym: unresolved glTexCoord3dv
dlsym: unresolved glTexCoord3dv
dlsym: unresolved _glTexCoord3dv
dlsym: unresolved glTexCoord3fv
dlsym: unresolved glTexCoord3fv
dlsym: unresolved glTexCoord3fv
dlsym: unresolved _glTexCoord3fv
dlsym: unresolved glTexCoord3i
dlsym: unresolved glTexCoord3i
dlsym: unresolved glTexCoord3i
dlsym: unresolved _glTexCoord3i
dlsym: unresolved glTexCoord3iv
dlsym: unresolved glTexCoord3iv
dlsym: unresolved glTexCoord3iv
dlsym: unresolved _glTexCoord3iv
dlsym: unresolved glTexCoord3s
dlsym: unresolved glTexCoord3s
dlsym: unresolved glTexCoord3s
dlsym: unresolved _glTexCoord3s
dlsym: unresolved glTexCoord3sv
dlsym: unresolved glTexCoord3sv
dlsym: unresolved glTexCoord3sv
dlsym: unresolved _glTexCoord3sv
dlsym: unresolved glTexCoord4d
dlsym: unresolved glTexCoord4d
dlsym: unresolved glTexCoord4d
dlsym: unresolved _glTexCoord4d
dlsym: unresolved glTexCoord4dv
dlsym: unresolved glTexCoord4dv
dlsym: unresolved glTexCoord4dv
dlsym: unresolved _glTexCoord4dv
dlsym: unresolved glTexCoord4f
dlsym: unresolved glTexCoord4f
dlsym: unresolved glTexCoord4f
dlsym: unresolved _glTexCoord4f
dlsym: unresolved glTexCoord4fv
dlsym: unresolved glTexCoord4fv
dlsym: unresolved glTexCoord4fv
dlsym: unresolved _glTexCoord4fv
dlsym: unresolved glTexCoord4i
dlsym: unresolved glTexCoord4i
dlsym: unresolved glTexCoord4i
dlsym: unresolved _glTexCoord4i
dlsym: unresolved glTexCoord4iv
dlsym: unresolved glTexCoord4iv
dlsym: unresolved glTexCoord4iv
dlsym: unresolved _glTexCoord4iv
dlsym: unresolved glTexCoord4s
dlsym: unresolved glTexCoord4s
dlsym: unresolved glTexCoord4s
dlsym: unresolved _glTexCoord4s
dlsym: unresolved glTexCoord4sv
dlsym: unresolved glTexCoord4sv
dlsym: unresolved glTexCoord4sv
dlsym: unresolved _glTexCoord4sv
dlsym: unresolved glTexEnviv
dlsym: unresolved glTexEnviv
dlsym: unresolved glTexEnviv
dlsym: unresolved _glTexEnviv
dlsym: unresolved glTexGend
dlsym: unresolved glTexGend
dlsym: unresolved glTexGend
dlsym: unresolved _glTexGend
dlsym: unresolved glTexGendv
dlsym: unresolved glTexGendv
dlsym: unresolved glTexGendv
dlsym: unresolved _glTexGendv
dlsym: unresolved glTexGeniv
dlsym: unresolved glTexGeniv
dlsym: unresolved glTexGeniv
dlsym: unresolved _glTexGeniv
dlsym: unresolved glTexImage1D
dlsym: unresolved glTexImage1D
dlsym: unresolved glTexImage1D
dlsym: unresolved _glTexImage1D
dlsym: unresolved glTexSubImage1D
dlsym: unresolved glTexSubImage1D
dlsym: unresolved glTexSubImage1D
dlsym: unresolved _glTexSubImage1D
dlsym: unresolved glTranslated
dlsym: unresolved glTranslated
dlsym: unresolved glTranslated
dlsym: unresolved _glTranslated
dlsym: unresolved glVertex2d
dlsym: unresolved glVertex2d
dlsym: unresolved glVertex2d
dlsym: unresolved _glVertex2d
dlsym: unresolved glVertex2dv
dlsym: unresolved glVertex2dv
dlsym: unresolved glVertex2dv
dlsym: unresolved _glVertex2dv
dlsym: unresolved glVertex2fv
dlsym: unresolved glVertex2fv
dlsym: unresolved glVertex2fv
dlsym: unresolved _glVertex2fv
dlsym: unresolved glVertex2iv
dlsym: unresolved glVertex2iv
dlsym: unresolved glVertex2iv
dlsym: unresolved _glVertex2iv
dlsym: unresolved glVertex2s
dlsym: unresolved glVertex2s
dlsym: unresolved glVertex2s
dlsym: unresolved _glVertex2s
dlsym: unresolved glVertex2sv
dlsym: unresolved glVertex2sv
dlsym: unresolved glVertex2sv
dlsym: unresolved _glVertex2sv
dlsym: unresolved glVertex3d
dlsym: unresolved glVertex3d
dlsym: unresolved glVertex3d
dlsym: unresolved _glVertex3d
dlsym: unresolved glVertex3dv
dlsym: unresolved glVertex3dv
dlsym: unresolved glVertex3dv
dlsym: unresolved _glVertex3dv
dlsym: unresolved glVertex3i
dlsym: unresolved glVertex3i
dlsym: unresolved glVertex3i
dlsym: unresolved _glVertex3i
dlsym: unresolved glVertex3iv
dlsym: unresolved glVertex3iv
dlsym: unresolved glVertex3iv
dlsym: unresolved _glVertex3iv
dlsym: unresolved glVertex3s
dlsym: unresolved glVertex3s
dlsym: unresolved glVertex3s
dlsym: unresolved _glVertex3s
dlsym: unresolved glVertex3sv
dlsym: unresolved glVertex3sv
dlsym: unresolved glVertex3sv
dlsym: unresolved _glVertex3sv
dlsym: unresolved glVertex4d
dlsym: unresolved glVertex4d
dlsym: unresolved glVertex4d
dlsym: unresolved _glVertex4d
dlsym: unresolved glVertex4dv
dlsym: unresolved glVertex4dv
dlsym: unresolved glVertex4dv
dlsym: unresolved _glVertex4dv
dlsym: unresolved glVertex4f
dlsym: unresolved glVertex4f
dlsym: unresolved glVertex4f
dlsym: unresolved _glVertex4f
dlsym: unresolved glVertex4fv
dlsym: unresolved glVertex4fv
dlsym: unresolved glVertex4fv
dlsym: unresolved _glVertex4fv
dlsym: unresolved glVertex4i
dlsym: unresolved glVertex4i
dlsym: unresolved glVertex4i
dlsym: unresolved _glVertex4i
dlsym: unresolved glVertex4iv
dlsym: unresolved glVertex4iv
dlsym: unresolved glVertex4iv
dlsym: unresolved _glVertex4iv
dlsym: unresolved glVertex4s
dlsym: unresolved glVertex4s
dlsym: unresolved glVertex4s
dlsym: unresolved _glVertex4s
dlsym: unresolved glVertex4sv
dlsym: unresolved glVertex4sv
dlsym: unresolved glVertex4sv
dlsym: unresolved _glVertex4sv
dlsym: unresolved glColorSubTableEXT
dlsym: unresolved glColorSubTableEXT
dlsym: unresolved glColorSubTableEXT
dlsym: unresolved _glColorSubTableEXT
dlsym: unresolved glGetColorTableEXT
dlsym: unresolved glGetColorTableEXT
dlsym: unresolved glGetColorTableEXT
dlsym: unresolved _glGetColorTableEXT
EGL: eglGetProcAddress(glGetColorTableEXT) -> NULL
dlsym: unresolved glGetColorTableEXT
dlsym: unresolved glGetColorTableEXT
dlsym: unresolved glGetColorTableEXT
dlsym: unresolved glGetColorTableEXT
dlsym: unresolved glGetColorTableParameterivEXT
dlsym: unresolved glGetColorTableParameterivEXT
dlsym: unresolved glGetColorTableParameterivEXT
dlsym: unresolved _glGetColorTableParameterivEXT
EGL: eglGetProcAddress(glGetColorTableParameterivEXT) -> NULL
dlsym: unresolved glGetColorTableParameterivEXT
dlsym: unresolved glGetColorTableParameterivEXT
dlsym: unresolved glGetColorTableParameterivEXT
dlsym: unresolved glGetColorTableParameterivEXT
dlsym: unresolved glGetColorTableParameterfvEXT
dlsym: unresolved glGetColorTableParameterfvEXT
dlsym: unresolved glGetColorTableParameterfvEXT
dlsym: unresolved _glGetColorTableParameterfvEXT
EGL: eglGetProcAddress(glGetColorTableParameterfvEXT) -> NULL
dlsym: unresolved glGetColorTableParameterfvEXT
dlsym: unresolved glGetColorTableParameterfvEXT
dlsym: unresolved glGetColorTableParameterfvEXT
dlsym: unresolved glGetColorTableParameterfvEXT
dlsym: unresolved glCompressedTexImage3DARB
dlsym: unresolved glCompressedTexImage3DARB
dlsym: unresolved glCompressedTexImage3DARB
dlsym: unresolved _glCompressedTexImage3DARB
dlsym: unresolved glCompressedTexImage1DARB
dlsym: unresolved glCompressedTexImage1DARB
dlsym: unresolved glCompressedTexImage1DARB
dlsym: unresolved _glCompressedTexImage1DARB
dlsym: unresolved glCompressedTexSubImage3DARB
dlsym: unresolved glCompressedTexSubImage3DARB
dlsym: unresolved glCompressedTexSubImage3DARB
dlsym: unresolved _glCompressedTexSubImage3DARB
dlsym: unresolved glCompressedTexSubImage1DARB
dlsym: unresolved glCompressedTexSubImage1DARB
dlsym: unresolved glCompressedTexSubImage1DARB
dlsym: unresolved _glCompressedTexSubImage1DARB
dlsym: unresolved glDepthBoundsEXT
dlsym: unresolved glDepthBoundsEXT
dlsym: unresolved glDepthBoundsEXT
dlsym: unresolved _glDepthBoundsEXT
dlsym: unresolved glLockArraysEXT
dlsym: unresolved glLockArraysEXT
dlsym: unresolved glLockArraysEXT
dlsym: unresolved _glLockArraysEXT
dlsym: unresolved glUnlockArraysEXT
dlsym: unresolved glUnlockArraysEXT
dlsym: unresolved glUnlockArraysEXT
dlsym: unresolved _glUnlockArraysEXT
dlsym: unresolved wglSwapIntervalEXT
dlsym: unresolved wglSwapIntervalEXT
dlsym: unresolved wglSwapIntervalEXT
dlsym: unresolved _wglSwapIntervalEXT
EGL: eglGetProcAddress(wglSwapIntervalEXT) -> NULL
dlsym: unresolved wglSwapIntervalEXT
dlsym: unresolved wglSwapIntervalEXT
dlsym: unresolved wglSwapIntervalEXT
dlsym: unresolved wglSwapIntervalEXT
dlsym: unresolved wglGetPixelFormatAttribivARB
dlsym: unresolved wglGetPixelFormatAttribivARB
dlsym: unresolved wglGetPixelFormatAttribivARB
dlsym: unresolved _wglGetPixelFormatAttribivARB
EGL: eglGetProcAddress(wglGetPixelFormatAttribivARB) -> NULL
dlsym: unresolved wglGetPixelFormatAttribivARB
dlsym: unresolved wglGetPixelFormatAttribivARB
dlsym: unresolved wglGetPixelFormatAttribivARB
dlsym: unresolved wglGetPixelFormatAttribivARB
dlsym: unresolved wglGetPixelFormatAttribfvARB
dlsym: unresolved wglGetPixelFormatAttribfvARB
dlsym: unresolved wglGetPixelFormatAttribfvARB
dlsym: unresolved _wglGetPixelFormatAttribfvARB
EGL: eglGetProcAddress(wglGetPixelFormatAttribfvARB) -> NULL
dlsym: unresolved wglGetPixelFormatAttribfvARB
dlsym: unresolved wglGetPixelFormatAttribfvARB
dlsym: unresolved wglGetPixelFormatAttribfvARB
dlsym: unresolved wglGetPixelFormatAttribfvARB
dlsym: unresolved wglChoosePixelFormatARB
dlsym: unresolved wglChoosePixelFormatARB
dlsym: unresolved wglChoosePixelFormatARB
dlsym: unresolved _wglChoosePixelFormatARB
EGL: eglGetProcAddress(wglChoosePixelFormatARB) -> NULL
dlsym: unresolved wglChoosePixelFormatARB
dlsym: unresolved wglChoosePixelFormatARB
dlsym: unresolved wglChoosePixelFormatARB
dlsym: unresolved wglChoosePixelFormatARB
dlsym: unresolved wglBindTexImageARB
dlsym: unresolved wglBindTexImageARB
dlsym: unresolved wglBindTexImageARB
dlsym: unresolved _wglBindTexImageARB
EGL: eglGetProcAddress(wglBindTexImageARB) -> NULL
dlsym: unresolved wglBindTexImageARB
dlsym: unresolved wglBindTexImageARB
dlsym: unresolved wglBindTexImageARB
dlsym: unresolved wglBindTexImageARB
dlsym: unresolved wglReleaseTexImageARB
dlsym: unresolved wglReleaseTexImageARB
dlsym: unresolved wglReleaseTexImageARB
dlsym: unresolved _wglReleaseTexImageARB
EGL: eglGetProcAddress(wglReleaseTexImageARB) -> NULL
dlsym: unresolved wglReleaseTexImageARB
dlsym: unresolved wglReleaseTexImageARB
dlsym: unresolved wglReleaseTexImageARB
dlsym: unresolved wglReleaseTexImageARB
dlsym: unresolved wglMakeContextCurrentARB
dlsym: unresolved wglMakeContextCurrentARB
dlsym: unresolved wglMakeContextCurrentARB
dlsym: unresolved _wglMakeContextCurrentARB
EGL: eglGetProcAddress(wglMakeContextCurrentARB) -> NULL
dlsym: unresolved wglMakeContextCurrentARB
dlsym: unresolved wglMakeContextCurrentARB
dlsym: unresolved wglMakeContextCurrentARB
dlsym: unresolved wglMakeContextCurrentARB
dlsym: unresolved wglGetCurrentReadDCARB
dlsym: unresolved wglGetCurrentReadDCARB
dlsym: unresolved wglGetCurrentReadDCARB
dlsym: unresolved _wglGetCurrentReadDCARB
EGL: eglGetProcAddress(wglGetCurrentReadDCARB) -> NULL
dlsym: unresolved wglGetCurrentReadDCARB
dlsym: unresolved wglGetCurrentReadDCARB
dlsym: unresolved wglGetCurrentReadDCARB
dlsym: unresolved wglGetCurrentReadDCARB
dlsym: unresolved glSampleCoverageARB
dlsym: unresolved glSampleCoverageARB
dlsym: unresolved glSampleCoverageARB
dlsym: unresolved _glSampleCoverageARB
dlsym: unresolved wglCreatePbufferARB
dlsym: unresolved wglCreatePbufferARB
dlsym: unresolved wglCreatePbufferARB
dlsym: unresolved _wglCreatePbufferARB
EGL: eglGetProcAddress(wglCreatePbufferARB) -> NULL
dlsym: unresolved wglCreatePbufferARB
dlsym: unresolved wglCreatePbufferARB
dlsym: unresolved wglCreatePbufferARB
dlsym: unresolved wglCreatePbufferARB
dlsym: unresolved wglGetPbufferDCARB
dlsym: unresolved wglGetPbufferDCARB
dlsym: unresolved wglGetPbufferDCARB
dlsym: unresolved _wglGetPbufferDCARB
EGL: eglGetProcAddress(wglGetPbufferDCARB) -> NULL
dlsym: unresolved wglGetPbufferDCARB
dlsym: unresolved wglGetPbufferDCARB
dlsym: unresolved wglGetPbufferDCARB
dlsym: unresolved wglGetPbufferDCARB
dlsym: unresolved wglReleasePbufferDCARB
dlsym: unresolved wglReleasePbufferDCARB
dlsym: unresolved wglReleasePbufferDCARB
dlsym: unresolved _wglReleasePbufferDCARB
EGL: eglGetProcAddress(wglReleasePbufferDCARB) -> NULL
dlsym: unresolved wglReleasePbufferDCARB
dlsym: unresolved wglReleasePbufferDCARB
dlsym: unresolved wglReleasePbufferDCARB
dlsym: unresolved wglReleasePbufferDCARB
dlsym: unresolved wglDestroyPbufferARB
dlsym: unresolved wglDestroyPbufferARB
dlsym: unresolved wglDestroyPbufferARB
dlsym: unresolved _wglDestroyPbufferARB
EGL: eglGetProcAddress(wglDestroyPbufferARB) -> NULL
dlsym: unresolved wglDestroyPbufferARB
dlsym: unresolved wglDestroyPbufferARB
dlsym: unresolved wglDestroyPbufferARB
dlsym: unresolved wglDestroyPbufferARB
dlsym: unresolved wglQueryPbufferARB
dlsym: unresolved wglQueryPbufferARB
dlsym: unresolved wglQueryPbufferARB
dlsym: unresolved _wglQueryPbufferARB
EGL: eglGetProcAddress(wglQueryPbufferARB) -> NULL
dlsym: unresolved wglQueryPbufferARB
dlsym: unresolved wglQueryPbufferARB
dlsym: unresolved wglQueryPbufferARB
dlsym: unresolved wglQueryPbufferARB
dlsym: unresolved wglCreateBufferRegionARB
dlsym: unresolved wglCreateBufferRegionARB
dlsym: unresolved wglCreateBufferRegionARB
dlsym: unresolved _wglCreateBufferRegionARB
EGL: eglGetProcAddress(wglCreateBufferRegionARB) -> NULL
dlsym: unresolved wglCreateBufferRegionARB
dlsym: unresolved wglCreateBufferRegionARB
dlsym: unresolved wglCreateBufferRegionARB
dlsym: unresolved wglCreateBufferRegionARB
dlsym: unresolved wglDeleteBufferRegionARB
dlsym: unresolved wglDeleteBufferRegionARB
dlsym: unresolved wglDeleteBufferRegionARB
dlsym: unresolved _wglDeleteBufferRegionARB
EGL: eglGetProcAddress(wglDeleteBufferRegionARB) -> NULL
dlsym: unresolved wglDeleteBufferRegionARB
dlsym: unresolved wglDeleteBufferRegionARB
dlsym: unresolved wglDeleteBufferRegionARB
dlsym: unresolved wglDeleteBufferRegionARB
dlsym: unresolved wglSaveBufferRegionARB
dlsym: unresolved wglSaveBufferRegionARB
dlsym: unresolved wglSaveBufferRegionARB
dlsym: unresolved _wglSaveBufferRegionARB
EGL: eglGetProcAddress(wglSaveBufferRegionARB) -> NULL
dlsym: unresolved wglSaveBufferRegionARB
dlsym: unresolved wglSaveBufferRegionARB
dlsym: unresolved wglSaveBufferRegionARB
dlsym: unresolved wglSaveBufferRegionARB
dlsym: unresolved wglRestoreBufferRegionARB
dlsym: unresolved wglRestoreBufferRegionARB
dlsym: unresolved wglRestoreBufferRegionARB
dlsym: unresolved _wglRestoreBufferRegionARB
EGL: eglGetProcAddress(wglRestoreBufferRegionARB) -> NULL
dlsym: unresolved wglRestoreBufferRegionARB
dlsym: unresolved wglRestoreBufferRegionARB
dlsym: unresolved wglRestoreBufferRegionARB
dlsym: unresolved wglRestoreBufferRegionARB
dlsym: unresolved wglGetDeviceGammaRamp3DFX
dlsym: unresolved wglGetDeviceGammaRamp3DFX
dlsym: unresolved wglGetDeviceGammaRamp3DFX
dlsym: unresolved _wglGetDeviceGammaRamp3DFX
EGL: eglGetProcAddress(wglGetDeviceGammaRamp3DFX) -> NULL
dlsym: unresolved wglGetDeviceGammaRamp3DFX
dlsym: unresolved wglGetDeviceGammaRamp3DFX
dlsym: unresolved wglGetDeviceGammaRamp3DFX
dlsym: unresolved wglGetDeviceGammaRamp3DFX
dlsym: unresolved wglSetDeviceGammaRamp3DFX
dlsym: unresolved wglSetDeviceGammaRamp3DFX
dlsym: unresolved wglSetDeviceGammaRamp3DFX
dlsym: unresolved _wglSetDeviceGammaRamp3DFX
EGL: eglGetProcAddress(wglSetDeviceGammaRamp3DFX) -> NULL
dlsym: unresolved wglSetDeviceGammaRamp3DFX
dlsym: unresolved wglSetDeviceGammaRamp3DFX
dlsym: unresolved wglSetDeviceGammaRamp3DFX
dlsym: unresolved wglSetDeviceGammaRamp3DFX
dlsym: unresolved glMultiTexCoord1fARB
dlsym: unresolved glMultiTexCoord1fARB
dlsym: unresolved glMultiTexCoord1fARB
dlsym: unresolved _glMultiTexCoord1fARB
dlsym: unresolved glMultiTexCoord2fARB
dlsym: unresolved glMultiTexCoord2fARB
dlsym: unresolved glMultiTexCoord2fARB
dlsym: unresolved _glMultiTexCoord2fARB
dlsym: unresolved glMultiTexCoord3fARB
dlsym: unresolved glMultiTexCoord3fARB
dlsym: unresolved glMultiTexCoord3fARB
dlsym: unresolved _glMultiTexCoord3fARB
dlsym: unresolved glMultiTexCoord4fARB
dlsym: unresolved glMultiTexCoord4fARB
dlsym: unresolved glMultiTexCoord4fARB
dlsym: unresolved _glMultiTexCoord4fARB
dlsym: unresolved glMultiTexCoord1fvARB
dlsym: unresolved glMultiTexCoord1fvARB
dlsym: unresolved glMultiTexCoord1fvARB
dlsym: unresolved _glMultiTexCoord1fvARB
dlsym: unresolved glMultiTexCoord2fvARB
dlsym: unresolved glMultiTexCoord2fvARB
dlsym: unresolved glMultiTexCoord2fvARB
dlsym: unresolved _glMultiTexCoord2fvARB
dlsym: unresolved glMultiTexCoord3fvARB
dlsym: unresolved glMultiTexCoord3fvARB
dlsym: unresolved glMultiTexCoord3fvARB
dlsym: unresolved _glMultiTexCoord3fvARB
dlsym: unresolved glMultiTexCoord4fvARB
dlsym: unresolved glMultiTexCoord4fvARB
dlsym: unresolved glMultiTexCoord4fvARB
dlsym: unresolved _glMultiTexCoord4fvARB
dlsym: unresolved glActiveTextureARB
dlsym: unresolved glActiveTextureARB
dlsym: unresolved glActiveTextureARB
dlsym: unresolved _glActiveTextureARB
dlsym: unresolved glClientActiveTextureARB
dlsym: unresolved glClientActiveTextureARB
dlsym: unresolved glClientActiveTextureARB
dlsym: unresolved _glClientActiveTextureARB
dlsym: unresolved glPointParameterfEXT
dlsym: unresolved glPointParameterfEXT
dlsym: unresolved glPointParameterfEXT
dlsym: unresolved _glPointParameterfEXT
dlsym: unresolved glPointParameterfvEXT
dlsym: unresolved glPointParameterfvEXT
dlsym: unresolved glPointParameterfvEXT
dlsym: unresolved _glPointParameterfvEXT
dlsym: unresolved glCullParameterdvSGI
dlsym: unresolved glCullParameterdvSGI
dlsym: unresolved glCullParameterdvSGI
dlsym: unresolved _glCullParameterdvSGI
EGL: eglGetProcAddress(glCullParameterdvSGI) -> NULL
dlsym: unresolved glCullParameterdvSGI
dlsym: unresolved glCullParameterdvSGI
dlsym: unresolved glCullParameterdvSGI
dlsym: unresolved glCullParameterdvSGI
dlsym: unresolved glCullParameterfvSGI
dlsym: unresolved glCullParameterfvSGI
dlsym: unresolved glCullParameterfvSGI
dlsym: unresolved _glCullParameterfvSGI
EGL: eglGetProcAddress(glCullParameterfvSGI) -> NULL
dlsym: unresolved glCullParameterfvSGI
dlsym: unresolved glCullParameterfvSGI
dlsym: unresolved glCullParameterfvSGI
dlsym: unresolved glCullParameterfvSGI
dlsym: unresolved glVertexArrayRangeNV
dlsym: unresolved glVertexArrayRangeNV
dlsym: unresolved glVertexArrayRangeNV
dlsym: unresolved _glVertexArrayRangeNV
EGL: eglGetProcAddress(glVertexArrayRangeNV) -> NULL
dlsym: unresolved glVertexArrayRangeNV
dlsym: unresolved glVertexArrayRangeNV
dlsym: unresolved glVertexArrayRangeNV
dlsym: unresolved glVertexArrayRangeNV
dlsym: unresolved glFlushVertexArrayRangeNV
dlsym: unresolved glFlushVertexArrayRangeNV
dlsym: unresolved glFlushVertexArrayRangeNV
dlsym: unresolved _glFlushVertexArrayRangeNV
EGL: eglGetProcAddress(glFlushVertexArrayRangeNV) -> NULL
dlsym: unresolved glFlushVertexArrayRangeNV
dlsym: unresolved glFlushVertexArrayRangeNV
dlsym: unresolved glFlushVertexArrayRangeNV
dlsym: unresolved glFlushVertexArrayRangeNV
dlsym: unresolved wglAllocateMemoryNV
dlsym: unresolved wglAllocateMemoryNV
dlsym: unresolved wglAllocateMemoryNV
dlsym: unresolved _wglAllocateMemoryNV
EGL: eglGetProcAddress(wglAllocateMemoryNV) -> NULL
dlsym: unresolved wglAllocateMemoryNV
dlsym: unresolved wglAllocateMemoryNV
dlsym: unresolved wglAllocateMemoryNV
dlsym: unresolved wglAllocateMemoryNV
dlsym: unresolved wglFreeMemoryNV
dlsym: unresolved wglFreeMemoryNV
dlsym: unresolved wglFreeMemoryNV
dlsym: unresolved _wglFreeMemoryNV
EGL: eglGetProcAddress(wglFreeMemoryNV) -> NULL
dlsym: unresolved wglFreeMemoryNV
dlsym: unresolved wglFreeMemoryNV
dlsym: unresolved wglFreeMemoryNV
dlsym: unresolved wglFreeMemoryNV
dlsym: unresolved glDeleteFencesNV
dlsym: unresolved glDeleteFencesNV
dlsym: unresolved glDeleteFencesNV
dlsym: unresolved _glDeleteFencesNV
EGL: eglGetProcAddress(glDeleteFencesNV) -> NULL
dlsym: unresolved glDeleteFencesNV
dlsym: unresolved glDeleteFencesNV
dlsym: unresolved glDeleteFencesNV
dlsym: unresolved glDeleteFencesNV
dlsym: unresolved glIsFenceNV
dlsym: unresolved glIsFenceNV
dlsym: unresolved glIsFenceNV
dlsym: unresolved _glIsFenceNV
EGL: eglGetProcAddress(glIsFenceNV) -> NULL
dlsym: unresolved glIsFenceNV
dlsym: unresolved glIsFenceNV
dlsym: unresolved glIsFenceNV
dlsym: unresolved glIsFenceNV
dlsym: unresolved glGetFenceivNV
dlsym: unresolved glGetFenceivNV
dlsym: unresolved glGetFenceivNV
dlsym: unresolved _glGetFenceivNV
EGL: eglGetProcAddress(glGetFenceivNV) -> NULL
dlsym: unresolved glGetFenceivNV
dlsym: unresolved glGetFenceivNV
dlsym: unresolved glGetFenceivNV
dlsym: unresolved glGetFenceivNV
dlsym: unresolved glSecondaryColor3bEXT
dlsym: unresolved glSecondaryColor3bEXT
dlsym: unresolved glSecondaryColor3bEXT
dlsym: unresolved _glSecondaryColor3bEXT
dlsym: unresolved glSecondaryColor3bvEXT
dlsym: unresolved glSecondaryColor3bvEXT
dlsym: unresolved glSecondaryColor3bvEXT
dlsym: unresolved _glSecondaryColor3bvEXT
dlsym: unresolved glSecondaryColor3dEXT
dlsym: unresolved glSecondaryColor3dEXT
dlsym: unresolved glSecondaryColor3dEXT
dlsym: unresolved _glSecondaryColor3dEXT
dlsym: unresolved glSecondaryColor3dvEXT
dlsym: unresolved glSecondaryColor3dvEXT
dlsym: unresolved glSecondaryColor3dvEXT
dlsym: unresolved _glSecondaryColor3dvEXT
dlsym: unresolved glSecondaryColor3fEXT
dlsym: unresolved glSecondaryColor3fEXT
dlsym: unresolved glSecondaryColor3fEXT
dlsym: unresolved _glSecondaryColor3fEXT
dlsym: unresolved glSecondaryColor3fvEXT
dlsym: unresolved glSecondaryColor3fvEXT
dlsym: unresolved glSecondaryColor3fvEXT
dlsym: unresolved _glSecondaryColor3fvEXT
dlsym: unresolved glSecondaryColor3iEXT
dlsym: unresolved glSecondaryColor3iEXT
dlsym: unresolved glSecondaryColor3iEXT
dlsym: unresolved _glSecondaryColor3iEXT
dlsym: unresolved glSecondaryColor3ivEXT
dlsym: unresolved glSecondaryColor3ivEXT
dlsym: unresolved glSecondaryColor3ivEXT
dlsym: unresolved _glSecondaryColor3ivEXT
dlsym: unresolved glSecondaryColor3sEXT
dlsym: unresolved glSecondaryColor3sEXT
dlsym: unresolved glSecondaryColor3sEXT
dlsym: unresolved _glSecondaryColor3sEXT
dlsym: unresolved glSecondaryColor3svEXT
dlsym: unresolved glSecondaryColor3svEXT
dlsym: unresolved glSecondaryColor3svEXT
dlsym: unresolved _glSecondaryColor3svEXT
dlsym: unresolved glSecondaryColor3ubEXT
dlsym: unresolved glSecondaryColor3ubEXT
dlsym: unresolved glSecondaryColor3ubEXT
dlsym: unresolved _glSecondaryColor3ubEXT
dlsym: unresolved glSecondaryColor3ubvEXT
dlsym: unresolved glSecondaryColor3ubvEXT
dlsym: unresolved glSecondaryColor3ubvEXT
dlsym: unresolved _glSecondaryColor3ubvEXT
dlsym: unresolved glSecondaryColor3uiEXT
dlsym: unresolved glSecondaryColor3uiEXT
dlsym: unresolved glSecondaryColor3uiEXT
dlsym: unresolved _glSecondaryColor3uiEXT
dlsym: unresolved glSecondaryColor3uivEXT
dlsym: unresolved glSecondaryColor3uivEXT
dlsym: unresolved glSecondaryColor3uivEXT
dlsym: unresolved _glSecondaryColor3uivEXT
dlsym: unresolved glSecondaryColor3usEXT
dlsym: unresolved glSecondaryColor3usEXT
dlsym: unresolved glSecondaryColor3usEXT
dlsym: unresolved _glSecondaryColor3usEXT
dlsym: unresolved glSecondaryColor3usvEXT
dlsym: unresolved glSecondaryColor3usvEXT
dlsym: unresolved glSecondaryColor3usvEXT
dlsym: unresolved _glSecondaryColor3usvEXT
dlsym: unresolved glSecondaryColorPointerEXT
dlsym: unresolved glSecondaryColorPointerEXT
dlsym: unresolved glSecondaryColorPointerEXT
dlsym: unresolved _glSecondaryColorPointerEXT
dlsym: unresolved glMultiDrawArraysEXT
dlsym: unresolved glMultiDrawArraysEXT
dlsym: unresolved glMultiDrawArraysEXT
dlsym: unresolved _glMultiDrawArraysEXT
dlsym: unresolved glMultiDrawElementsEXT
dlsym: unresolved glMultiDrawElementsEXT
dlsym: unresolved glMultiDrawElementsEXT
dlsym: unresolved _glMultiDrawElementsEXT
dlsym: unresolved glPointParameteriNV
dlsym: unresolved glPointParameteriNV
dlsym: unresolved glPointParameteriNV
dlsym: unresolved _glPointParameteriNV
dlsym: unresolved glPointParameterivNV
dlsym: unresolved glPointParameterivNV
dlsym: unresolved glPointParameterivNV
dlsym: unresolved _glPointParameterivNV
dlsym: unresolved glCombinerParameterfvNV
dlsym: unresolved glCombinerParameterfvNV
dlsym: unresolved glCombinerParameterfvNV
dlsym: unresolved _glCombinerParameterfvNV
EGL: eglGetProcAddress(glCombinerParameterfvNV) -> NULL
dlsym: unresolved glCombinerParameterfvNV
dlsym: unresolved glCombinerParameterfvNV
dlsym: unresolved glCombinerParameterfvNV
dlsym: unresolved glCombinerParameterfvNV
dlsym: unresolved glCombinerParameterfNV
dlsym: unresolved glCombinerParameterfNV
dlsym: unresolved glCombinerParameterfNV
dlsym: unresolved _glCombinerParameterfNV
EGL: eglGetProcAddress(glCombinerParameterfNV) -> NULL
dlsym: unresolved glCombinerParameterfNV
dlsym: unresolved glCombinerParameterfNV
dlsym: unresolved glCombinerParameterfNV
dlsym: unresolved glCombinerParameterfNV
dlsym: unresolved glCombinerParameterivNV
dlsym: unresolved glCombinerParameterivNV
dlsym: unresolved glCombinerParameterivNV
dlsym: unresolved _glCombinerParameterivNV
EGL: eglGetProcAddress(glCombinerParameterivNV) -> NULL
dlsym: unresolved glCombinerParameterivNV
dlsym: unresolved glCombinerParameterivNV
dlsym: unresolved glCombinerParameterivNV
dlsym: unresolved glCombinerParameterivNV
dlsym: unresolved glCombinerParameteriNV
dlsym: unresolved glCombinerParameteriNV
dlsym: unresolved glCombinerParameteriNV
dlsym: unresolved _glCombinerParameteriNV
EGL: eglGetProcAddress(glCombinerParameteriNV) -> NULL
dlsym: unresolved glCombinerParameteriNV
dlsym: unresolved glCombinerParameteriNV
dlsym: unresolved glCombinerParameteriNV
dlsym: unresolved glCombinerParameteriNV
dlsym: unresolved glCombinerInputNV
dlsym: unresolved glCombinerInputNV
dlsym: unresolved glCombinerInputNV
dlsym: unresolved _glCombinerInputNV
EGL: eglGetProcAddress(glCombinerInputNV) -> NULL
dlsym: unresolved glCombinerInputNV
dlsym: unresolved glCombinerInputNV
dlsym: unresolved glCombinerInputNV
dlsym: unresolved glCombinerInputNV
dlsym: unresolved glCombinerOutputNV
dlsym: unresolved glCombinerOutputNV
dlsym: unresolved glCombinerOutputNV
dlsym: unresolved _glCombinerOutputNV
EGL: eglGetProcAddress(glCombinerOutputNV) -> NULL
dlsym: unresolved glCombinerOutputNV
dlsym: unresolved glCombinerOutputNV
dlsym: unresolved glCombinerOutputNV
dlsym: unresolved glCombinerOutputNV
dlsym: unresolved glFinalCombinerInputNV
dlsym: unresolved glFinalCombinerInputNV
dlsym: unresolved glFinalCombinerInputNV
dlsym: unresolved _glFinalCombinerInputNV
EGL: eglGetProcAddress(glFinalCombinerInputNV) -> NULL
dlsym: unresolved glFinalCombinerInputNV
dlsym: unresolved glFinalCombinerInputNV
dlsym: unresolved glFinalCombinerInputNV
dlsym: unresolved glFinalCombinerInputNV
dlsym: unresolved glGetCombinerInputParameterfvNV
dlsym: unresolved glGetCombinerInputParameterfvNV
dlsym: unresolved glGetCombinerInputParameterfvNV
dlsym: unresolved _glGetCombinerInputParameterfvNV
EGL: eglGetProcAddress(glGetCombinerInputParameterfvNV) -> NULL
dlsym: unresolved glGetCombinerInputParameterfvNV
dlsym: unresolved glGetCombinerInputParameterfvNV
dlsym: unresolved glGetCombinerInputParameterfvNV
dlsym: unresolved glGetCombinerInputParameterfvNV
dlsym: unresolved glGetCombinerInputParameterivNV
dlsym: unresolved glGetCombinerInputParameterivNV
dlsym: unresolved glGetCombinerInputParameterivNV
dlsym: unresolved _glGetCombinerInputParameterivNV
EGL: eglGetProcAddress(glGetCombinerInputParameterivNV) -> NULL
dlsym: unresolved glGetCombinerInputParameterivNV
dlsym: unresolved glGetCombinerInputParameterivNV
dlsym: unresolved glGetCombinerInputParameterivNV
dlsym: unresolved glGetCombinerInputParameterivNV
dlsym: unresolved glGetCombinerOutputParameterfvNV
dlsym: unresolved glGetCombinerOutputParameterfvNV
dlsym: unresolved glGetCombinerOutputParameterfvNV
dlsym: unresolved _glGetCombinerOutputParameterfvNV
EGL: eglGetProcAddress(glGetCombinerOutputParameterfvNV) -> NULL
dlsym: unresolved glGetCombinerOutputParameterfvNV
dlsym: unresolved glGetCombinerOutputParameterfvNV
dlsym: unresolved glGetCombinerOutputParameterfvNV
dlsym: unresolved glGetCombinerOutputParameterfvNV
dlsym: unresolved glGetCombinerOutputParameterivNV
dlsym: unresolved glGetCombinerOutputParameterivNV
dlsym: unresolved glGetCombinerOutputParameterivNV
dlsym: unresolved _glGetCombinerOutputParameterivNV
EGL: eglGetProcAddress(glGetCombinerOutputParameterivNV) -> NULL
dlsym: unresolved glGetCombinerOutputParameterivNV
dlsym: unresolved glGetCombinerOutputParameterivNV
dlsym: unresolved glGetCombinerOutputParameterivNV
dlsym: unresolved glGetCombinerOutputParameterivNV
dlsym: unresolved glGetFinalCombinerInputParameterfvNV
dlsym: unresolved glGetFinalCombinerInputParameterfvNV
dlsym: unresolved glGetFinalCombinerInputParameterfvNV
dlsym: unresolved _glGetFinalCombinerInputParameterfvNV
EGL: eglGetProcAddress(glGetFinalCombinerInputParameterfvNV) -> NULL
dlsym: unresolved glGetFinalCombinerInputParameterfvNV
dlsym: unresolved glGetFinalCombinerInputParameterfvNV
dlsym: unresolved glGetFinalCombinerInputParameterfvNV
dlsym: unresolved glGetFinalCombinerInputParameterfvNV
dlsym: unresolved glGetFinalCombinerInputParameterivNV
dlsym: unresolved glGetFinalCombinerInputParameterivNV
dlsym: unresolved glGetFinalCombinerInputParameterivNV
dlsym: unresolved _glGetFinalCombinerInputParameterivNV
EGL: eglGetProcAddress(glGetFinalCombinerInputParameterivNV) -> NULL
dlsym: unresolved glGetFinalCombinerInputParameterivNV
dlsym: unresolved glGetFinalCombinerInputParameterivNV
dlsym: unresolved glGetFinalCombinerInputParameterivNV
dlsym: unresolved glGetFinalCombinerInputParameterivNV
dlsym: unresolved glCombinerStageParameterfvNV
dlsym: unresolved glCombinerStageParameterfvNV
dlsym: unresolved glCombinerStageParameterfvNV
dlsym: unresolved _glCombinerStageParameterfvNV
EGL: eglGetProcAddress(glCombinerStageParameterfvNV) -> NULL
dlsym: unresolved glCombinerStageParameterfvNV
dlsym: unresolved glCombinerStageParameterfvNV
dlsym: unresolved glCombinerStageParameterfvNV
dlsym: unresolved glCombinerStageParameterfvNV
dlsym: unresolved glGetCombinerStageParameterfvNV
dlsym: unresolved glGetCombinerStageParameterfvNV
dlsym: unresolved glGetCombinerStageParameterfvNV
dlsym: unresolved _glGetCombinerStageParameterfvNV
EGL: eglGetProcAddress(glGetCombinerStageParameterfvNV) -> NULL
dlsym: unresolved glGetCombinerStageParameterfvNV
dlsym: unresolved glGetCombinerStageParameterfvNV
dlsym: unresolved glGetCombinerStageParameterfvNV
dlsym: unresolved glGetCombinerStageParameterfvNV
dlsym: unresolved glAreProgramsResidentNV
dlsym: unresolved glAreProgramsResidentNV
dlsym: unresolved glAreProgramsResidentNV
dlsym: unresolved _glAreProgramsResidentNV
EGL: eglGetProcAddress(glAreProgramsResidentNV) -> NULL
dlsym: unresolved glAreProgramsResidentNV
dlsym: unresolved glAreProgramsResidentNV
dlsym: unresolved glAreProgramsResidentNV
dlsym: unresolved glAreProgramsResidentNV
dlsym: unresolved glBindProgramNV
dlsym: unresolved glBindProgramNV
dlsym: unresolved glBindProgramNV
dlsym: unresolved _glBindProgramNV
dlsym: unresolved glDeleteProgramsNV
dlsym: unresolved glDeleteProgramsNV
dlsym: unresolved glDeleteProgramsNV
dlsym: unresolved _glDeleteProgramsNV
dlsym: unresolved glExecuteProgramNV
dlsym: unresolved glExecuteProgramNV
dlsym: unresolved glExecuteProgramNV
dlsym: unresolved _glExecuteProgramNV
EGL: eglGetProcAddress(glExecuteProgramNV) -> NULL
dlsym: unresolved glExecuteProgramNV
dlsym: unresolved glExecuteProgramNV
dlsym: unresolved glExecuteProgramNV
dlsym: unresolved glExecuteProgramNV
dlsym: unresolved glGenProgramsNV
dlsym: unresolved glGenProgramsNV
dlsym: unresolved glGenProgramsNV
dlsym: unresolved _glGenProgramsNV
dlsym: unresolved glGetProgramParameterdvNV
dlsym: unresolved glGetProgramParameterdvNV
dlsym: unresolved glGetProgramParameterdvNV
dlsym: unresolved _glGetProgramParameterdvNV
EGL: eglGetProcAddress(glGetProgramParameterdvNV) -> NULL
dlsym: unresolved glGetProgramParameterdvNV
dlsym: unresolved glGetProgramParameterdvNV
dlsym: unresolved glGetProgramParameterdvNV
dlsym: unresolved glGetProgramParameterdvNV
dlsym: unresolved glGetProgramParameterfvNV
dlsym: unresolved glGetProgramParameterfvNV
dlsym: unresolved glGetProgramParameterfvNV
dlsym: unresolved _glGetProgramParameterfvNV
EGL: eglGetProcAddress(glGetProgramParameterfvNV) -> NULL
dlsym: unresolved glGetProgramParameterfvNV
dlsym: unresolved glGetProgramParameterfvNV
dlsym: unresolved glGetProgramParameterfvNV
dlsym: unresolved glGetProgramParameterfvNV
dlsym: unresolved glGetProgramivNV
dlsym: unresolved glGetProgramivNV
dlsym: unresolved glGetProgramivNV
dlsym: unresolved _glGetProgramivNV
EGL: eglGetProcAddress(glGetProgramivNV) -> NULL
dlsym: unresolved glGetProgramivNV
dlsym: unresolved glGetProgramivNV
dlsym: unresolved glGetProgramivNV
dlsym: unresolved glGetProgramivNV
dlsym: unresolved glGetProgramStringNV
dlsym: unresolved glGetProgramStringNV
dlsym: unresolved glGetProgramStringNV
dlsym: unresolved _glGetProgramStringNV
EGL: eglGetProcAddress(glGetProgramStringNV) -> NULL
dlsym: unresolved glGetProgramStringNV
dlsym: unresolved glGetProgramStringNV
dlsym: unresolved glGetProgramStringNV
dlsym: unresolved glGetProgramStringNV
dlsym: unresolved glGetTrackMatrixivNV
dlsym: unresolved glGetTrackMatrixivNV
dlsym: unresolved glGetTrackMatrixivNV
dlsym: unresolved _glGetTrackMatrixivNV
EGL: eglGetProcAddress(glGetTrackMatrixivNV) -> NULL
dlsym: unresolved glGetTrackMatrixivNV
dlsym: unresolved glGetTrackMatrixivNV
dlsym: unresolved glGetTrackMatrixivNV
dlsym: unresolved glGetTrackMatrixivNV
dlsym: unresolved glGetVertexAttribdvNV
dlsym: unresolved glGetVertexAttribdvNV
dlsym: unresolved glGetVertexAttribdvNV
dlsym: unresolved _glGetVertexAttribdvNV
EGL: eglGetProcAddress(glGetVertexAttribdvNV) -> NULL
dlsym: unresolved glGetVertexAttribdvNV
dlsym: unresolved glGetVertexAttribdvNV
dlsym: unresolved glGetVertexAttribdvNV
dlsym: unresolved glGetVertexAttribdvNV
dlsym: unresolved glGetVertexAttribfvNV
dlsym: unresolved glGetVertexAttribfvNV
dlsym: unresolved glGetVertexAttribfvNV
dlsym: unresolved _glGetVertexAttribfvNV
EGL: eglGetProcAddress(glGetVertexAttribfvNV) -> NULL
dlsym: unresolved glGetVertexAttribfvNV
dlsym: unresolved glGetVertexAttribfvNV
dlsym: unresolved glGetVertexAttribfvNV
dlsym: unresolved glGetVertexAttribfvNV
dlsym: unresolved glGetVertexAttribivNV
dlsym: unresolved glGetVertexAttribivNV
dlsym: unresolved glGetVertexAttribivNV
dlsym: unresolved _glGetVertexAttribivNV
EGL: eglGetProcAddress(glGetVertexAttribivNV) -> NULL
dlsym: unresolved glGetVertexAttribivNV
dlsym: unresolved glGetVertexAttribivNV
dlsym: unresolved glGetVertexAttribivNV
dlsym: unresolved glGetVertexAttribivNV
dlsym: unresolved glIsProgramNV
dlsym: unresolved glIsProgramNV
dlsym: unresolved glIsProgramNV
dlsym: unresolved _glIsProgramNV
dlsym: unresolved glLoadProgramNV
dlsym: unresolved glLoadProgramNV
dlsym: unresolved glLoadProgramNV
dlsym: unresolved _glLoadProgramNV
EGL: eglGetProcAddress(glLoadProgramNV) -> NULL
dlsym: unresolved glLoadProgramNV
dlsym: unresolved glLoadProgramNV
dlsym: unresolved glLoadProgramNV
dlsym: unresolved glLoadProgramNV
dlsym: unresolved glProgramParameter4dNV
dlsym: unresolved glProgramParameter4dNV
dlsym: unresolved glProgramParameter4dNV
dlsym: unresolved _glProgramParameter4dNV
dlsym: unresolved glProgramParameter4dvNV
dlsym: unresolved glProgramParameter4dvNV
dlsym: unresolved glProgramParameter4dvNV
dlsym: unresolved _glProgramParameter4dvNV
dlsym: unresolved glProgramParameter4fNV
dlsym: unresolved glProgramParameter4fNV
dlsym: unresolved glProgramParameter4fNV
dlsym: unresolved _glProgramParameter4fNV
dlsym: unresolved glProgramParameter4fvNV
dlsym: unresolved glProgramParameter4fvNV
dlsym: unresolved glProgramParameter4fvNV
dlsym: unresolved _glProgramParameter4fvNV
dlsym: unresolved glProgramParameters4dvNV
dlsym: unresolved glProgramParameters4dvNV
dlsym: unresolved glProgramParameters4dvNV
dlsym: unresolved _glProgramParameters4dvNV
EGL: eglGetProcAddress(glProgramParameters4dvNV) -> NULL
dlsym: unresolved glProgramParameters4dvNV
dlsym: unresolved glProgramParameters4dvNV
dlsym: unresolved glProgramParameters4dvNV
dlsym: unresolved glProgramParameters4dvNV
dlsym: unresolved glProgramParameters4fvNV
dlsym: unresolved glProgramParameters4fvNV
dlsym: unresolved glProgramParameters4fvNV
dlsym: unresolved _glProgramParameters4fvNV
EGL: eglGetProcAddress(glProgramParameters4fvNV) -> NULL
dlsym: unresolved glProgramParameters4fvNV
dlsym: unresolved glProgramParameters4fvNV
dlsym: unresolved glProgramParameters4fvNV
dlsym: unresolved glProgramParameters4fvNV
dlsym: unresolved glRequestResidentProgramsNV
dlsym: unresolved glRequestResidentProgramsNV
dlsym: unresolved glRequestResidentProgramsNV
dlsym: unresolved _glRequestResidentProgramsNV
EGL: eglGetProcAddress(glRequestResidentProgramsNV) -> NULL
dlsym: unresolved glRequestResidentProgramsNV
dlsym: unresolved glRequestResidentProgramsNV
dlsym: unresolved glRequestResidentProgramsNV
dlsym: unresolved glRequestResidentProgramsNV
dlsym: unresolved glTrackMatrixNV
dlsym: unresolved glTrackMatrixNV
dlsym: unresolved glTrackMatrixNV
dlsym: unresolved _glTrackMatrixNV
EGL: eglGetProcAddress(glTrackMatrixNV) -> NULL
dlsym: unresolved glTrackMatrixNV
dlsym: unresolved glTrackMatrixNV
dlsym: unresolved glTrackMatrixNV
dlsym: unresolved glTrackMatrixNV
dlsym: unresolved glVertexAttribPointerNV
dlsym: unresolved glVertexAttribPointerNV
dlsym: unresolved glVertexAttribPointerNV
dlsym: unresolved _glVertexAttribPointerNV
EGL: eglGetProcAddress(glVertexAttribPointerNV) -> NULL
dlsym: unresolved glVertexAttribPointerNV
dlsym: unresolved glVertexAttribPointerNV
dlsym: unresolved glVertexAttribPointerNV
dlsym: unresolved glVertexAttribPointerNV
dlsym: unresolved glVertexAttrib1dNV
dlsym: unresolved glVertexAttrib1dNV
dlsym: unresolved glVertexAttrib1dNV
dlsym: unresolved _glVertexAttrib1dNV
dlsym: unresolved glVertexAttrib1dvNV
dlsym: unresolved glVertexAttrib1dvNV
dlsym: unresolved glVertexAttrib1dvNV
dlsym: unresolved _glVertexAttrib1dvNV
dlsym: unresolved glVertexAttrib1fNV
dlsym: unresolved glVertexAttrib1fNV
dlsym: unresolved glVertexAttrib1fNV
dlsym: unresolved _glVertexAttrib1fNV
dlsym: unresolved glVertexAttrib1fvNV
dlsym: unresolved glVertexAttrib1fvNV
dlsym: unresolved glVertexAttrib1fvNV
dlsym: unresolved _glVertexAttrib1fvNV
dlsym: unresolved glVertexAttrib1sNV
dlsym: unresolved glVertexAttrib1sNV
dlsym: unresolved glVertexAttrib1sNV
dlsym: unresolved _glVertexAttrib1sNV
dlsym: unresolved glVertexAttrib1svNV
dlsym: unresolved glVertexAttrib1svNV
dlsym: unresolved glVertexAttrib1svNV
dlsym: unresolved _glVertexAttrib1svNV
dlsym: unresolved glVertexAttrib2dNV
dlsym: unresolved glVertexAttrib2dNV
dlsym: unresolved glVertexAttrib2dNV
dlsym: unresolved _glVertexAttrib2dNV
dlsym: unresolved glVertexAttrib2dvNV
dlsym: unresolved glVertexAttrib2dvNV
dlsym: unresolved glVertexAttrib2dvNV
dlsym: unresolved _glVertexAttrib2dvNV
dlsym: unresolved glVertexAttrib2fNV
dlsym: unresolved glVertexAttrib2fNV
dlsym: unresolved glVertexAttrib2fNV
dlsym: unresolved _glVertexAttrib2fNV
dlsym: unresolved glVertexAttrib2fvNV
dlsym: unresolved glVertexAttrib2fvNV
dlsym: unresolved glVertexAttrib2fvNV
dlsym: unresolved _glVertexAttrib2fvNV
dlsym: unresolved glVertexAttrib2sNV
dlsym: unresolved glVertexAttrib2sNV
dlsym: unresolved glVertexAttrib2sNV
dlsym: unresolved _glVertexAttrib2sNV
dlsym: unresolved glVertexAttrib2svNV
dlsym: unresolved glVertexAttrib2svNV
dlsym: unresolved glVertexAttrib2svNV
dlsym: unresolved _glVertexAttrib2svNV
dlsym: unresolved glVertexAttrib3dNV
dlsym: unresolved glVertexAttrib3dNV
dlsym: unresolved glVertexAttrib3dNV
dlsym: unresolved _glVertexAttrib3dNV
dlsym: unresolved glVertexAttrib3dvNV
dlsym: unresolved glVertexAttrib3dvNV
dlsym: unresolved glVertexAttrib3dvNV
dlsym: unresolved _glVertexAttrib3dvNV
dlsym: unresolved glVertexAttrib3fNV
dlsym: unresolved glVertexAttrib3fNV
dlsym: unresolved glVertexAttrib3fNV
dlsym: unresolved _glVertexAttrib3fNV
dlsym: unresolved glVertexAttrib3fvNV
dlsym: unresolved glVertexAttrib3fvNV
dlsym: unresolved glVertexAttrib3fvNV
dlsym: unresolved _glVertexAttrib3fvNV
dlsym: unresolved glVertexAttrib3sNV
dlsym: unresolved glVertexAttrib3sNV
dlsym: unresolved glVertexAttrib3sNV
dlsym: unresolved _glVertexAttrib3sNV
dlsym: unresolved glVertexAttrib3svNV
dlsym: unresolved glVertexAttrib3svNV
dlsym: unresolved glVertexAttrib3svNV
dlsym: unresolved _glVertexAttrib3svNV
dlsym: unresolved glVertexAttrib4dNV
dlsym: unresolved glVertexAttrib4dNV
dlsym: unresolved glVertexAttrib4dNV
dlsym: unresolved _glVertexAttrib4dNV
dlsym: unresolved glVertexAttrib4dvNV
dlsym: unresolved glVertexAttrib4dvNV
dlsym: unresolved glVertexAttrib4dvNV
dlsym: unresolved _glVertexAttrib4dvNV
dlsym: unresolved glVertexAttrib4fNV
dlsym: unresolved glVertexAttrib4fNV
dlsym: unresolved glVertexAttrib4fNV
dlsym: unresolved _glVertexAttrib4fNV
dlsym: unresolved glVertexAttrib4fvNV
dlsym: unresolved glVertexAttrib4fvNV
dlsym: unresolved glVertexAttrib4fvNV
dlsym: unresolved _glVertexAttrib4fvNV
dlsym: unresolved glVertexAttrib4sNV
dlsym: unresolved glVertexAttrib4sNV
dlsym: unresolved glVertexAttrib4sNV
dlsym: unresolved _glVertexAttrib4sNV
dlsym: unresolved glVertexAttrib4svNV
dlsym: unresolved glVertexAttrib4svNV
dlsym: unresolved glVertexAttrib4svNV
dlsym: unresolved _glVertexAttrib4svNV
dlsym: unresolved glVertexAttrib4ubvNV
dlsym: unresolved glVertexAttrib4ubvNV
dlsym: unresolved glVertexAttrib4ubvNV
dlsym: unresolved _glVertexAttrib4ubvNV
dlsym: unresolved glVertexAttribs1dvNV
dlsym: unresolved glVertexAttribs1dvNV
dlsym: unresolved glVertexAttribs1dvNV
dlsym: unresolved _glVertexAttribs1dvNV
dlsym: unresolved glVertexAttribs1fvNV
dlsym: unresolved glVertexAttribs1fvNV
dlsym: unresolved glVertexAttribs1fvNV
dlsym: unresolved _glVertexAttribs1fvNV
dlsym: unresolved glVertexAttribs1svNV
dlsym: unresolved glVertexAttribs1svNV
dlsym: unresolved glVertexAttribs1svNV
dlsym: unresolved _glVertexAttribs1svNV
dlsym: unresolved glVertexAttribs2dvNV
dlsym: unresolved glVertexAttribs2dvNV
dlsym: unresolved glVertexAttribs2dvNV
dlsym: unresolved _glVertexAttribs2dvNV
dlsym: unresolved glVertexAttribs2fvNV
dlsym: unresolved glVertexAttribs2fvNV
dlsym: unresolved glVertexAttribs2fvNV
dlsym: unresolved _glVertexAttribs2fvNV
dlsym: unresolved glVertexAttribs2svNV
dlsym: unresolved glVertexAttribs2svNV
dlsym: unresolved glVertexAttribs2svNV
dlsym: unresolved _glVertexAttribs2svNV
dlsym: unresolved glVertexAttribs3dvNV
dlsym: unresolved glVertexAttribs3dvNV
dlsym: unresolved glVertexAttribs3dvNV
dlsym: unresolved _glVertexAttribs3dvNV
dlsym: unresolved glVertexAttribs3fvNV
dlsym: unresolved glVertexAttribs3fvNV
dlsym: unresolved glVertexAttribs3fvNV
dlsym: unresolved _glVertexAttribs3fvNV
dlsym: unresolved glVertexAttribs3svNV
dlsym: unresolved glVertexAttribs3svNV
dlsym: unresolved glVertexAttribs3svNV
dlsym: unresolved _glVertexAttribs3svNV
dlsym: unresolved glVertexAttribs4dvNV
dlsym: unresolved glVertexAttribs4dvNV
dlsym: unresolved glVertexAttribs4dvNV
dlsym: unresolved _glVertexAttribs4dvNV
dlsym: unresolved glVertexAttribs4fvNV
dlsym: unresolved glVertexAttribs4fvNV
dlsym: unresolved glVertexAttribs4fvNV
dlsym: unresolved _glVertexAttribs4fvNV
dlsym: unresolved glVertexAttribs4svNV
dlsym: unresolved glVertexAttribs4svNV
dlsym: unresolved glVertexAttribs4svNV
dlsym: unresolved _glVertexAttribs4svNV
dlsym: unresolved glVertexAttribs4ubvNV
dlsym: unresolved glVertexAttribs4ubvNV
dlsym: unresolved glVertexAttribs4ubvNV
dlsym: unresolved _glVertexAttribs4ubvNV
dlsym: unresolved glProgramNamedParameter4fNV
dlsym: unresolved glProgramNamedParameter4fNV
dlsym: unresolved glProgramNamedParameter4fNV
dlsym: unresolved _glProgramNamedParameter4fNV
EGL: eglGetProcAddress(glProgramNamedParameter4fNV) -> NULL
dlsym: unresolved glProgramNamedParameter4fNV
dlsym: unresolved glProgramNamedParameter4fNV
dlsym: unresolved glProgramNamedParameter4fNV
dlsym: unresolved glProgramNamedParameter4fNV
dlsym: unresolved glProgramNamedParameter4dNV
dlsym: unresolved glProgramNamedParameter4dNV
dlsym: unresolved glProgramNamedParameter4dNV
dlsym: unresolved _glProgramNamedParameter4dNV
EGL: eglGetProcAddress(glProgramNamedParameter4dNV) -> NULL
dlsym: unresolved glProgramNamedParameter4dNV
dlsym: unresolved glProgramNamedParameter4dNV
dlsym: unresolved glProgramNamedParameter4dNV
dlsym: unresolved glProgramNamedParameter4dNV
dlsym: unresolved glProgramNamedParameter4fvNV
dlsym: unresolved glProgramNamedParameter4fvNV
dlsym: unresolved glProgramNamedParameter4fvNV
dlsym: unresolved _glProgramNamedParameter4fvNV
EGL: eglGetProcAddress(glProgramNamedParameter4fvNV) -> NULL
dlsym: unresolved glProgramNamedParameter4fvNV
dlsym: unresolved glProgramNamedParameter4fvNV
dlsym: unresolved glProgramNamedParameter4fvNV
dlsym: unresolved glProgramNamedParameter4fvNV
dlsym: unresolved glProgramNamedParameter4dvNV
dlsym: unresolved glProgramNamedParameter4dvNV
dlsym: unresolved glProgramNamedParameter4dvNV
dlsym: unresolved _glProgramNamedParameter4dvNV
EGL: eglGetProcAddress(glProgramNamedParameter4dvNV) -> NULL
dlsym: unresolved glProgramNamedParameter4dvNV
dlsym: unresolved glProgramNamedParameter4dvNV
dlsym: unresolved glProgramNamedParameter4dvNV
dlsym: unresolved glProgramNamedParameter4dvNV
dlsym: unresolved glGetProgramNamedParameterfvNV
dlsym: unresolved glGetProgramNamedParameterfvNV
dlsym: unresolved glGetProgramNamedParameterfvNV
dlsym: unresolved _glGetProgramNamedParameterfvNV
EGL: eglGetProcAddress(glGetProgramNamedParameterfvNV) -> NULL
dlsym: unresolved glGetProgramNamedParameterfvNV
dlsym: unresolved glGetProgramNamedParameterfvNV
dlsym: unresolved glGetProgramNamedParameterfvNV
dlsym: unresolved glGetProgramNamedParameterfvNV
dlsym: unresolved glGetProgramNamedParameterdvNV
dlsym: unresolved glGetProgramNamedParameterdvNV
dlsym: unresolved glGetProgramNamedParameterdvNV
dlsym: unresolved _glGetProgramNamedParameterdvNV
EGL: eglGetProcAddress(glGetProgramNamedParameterdvNV) -> NULL
dlsym: unresolved glGetProgramNamedParameterdvNV
dlsym: unresolved glGetProgramNamedParameterdvNV
dlsym: unresolved glGetProgramNamedParameterdvNV
dlsym: unresolved glGetProgramNamedParameterdvNV
dlsym: unresolved glVertexAttrib1sARB
dlsym: unresolved glVertexAttrib1sARB
dlsym: unresolved glVertexAttrib1sARB
dlsym: unresolved _glVertexAttrib1sARB
dlsym: unresolved glVertexAttrib1fARB
dlsym: unresolved glVertexAttrib1fARB
dlsym: unresolved glVertexAttrib1fARB
dlsym: unresolved _glVertexAttrib1fARB
dlsym: unresolved glVertexAttrib1dARB
dlsym: unresolved glVertexAttrib1dARB
dlsym: unresolved glVertexAttrib1dARB
dlsym: unresolved _glVertexAttrib1dARB
dlsym: unresolved glVertexAttrib2sARB
dlsym: unresolved glVertexAttrib2sARB
dlsym: unresolved glVertexAttrib2sARB
dlsym: unresolved _glVertexAttrib2sARB
dlsym: unresolved glVertexAttrib2fARB
dlsym: unresolved glVertexAttrib2fARB
dlsym: unresolved glVertexAttrib2fARB
dlsym: unresolved _glVertexAttrib2fARB
dlsym: unresolved glVertexAttrib2dARB
dlsym: unresolved glVertexAttrib2dARB
dlsym: unresolved glVertexAttrib2dARB
dlsym: unresolved _glVertexAttrib2dARB
dlsym: unresolved glVertexAttrib3sARB
dlsym: unresolved glVertexAttrib3sARB
dlsym: unresolved glVertexAttrib3sARB
dlsym: unresolved _glVertexAttrib3sARB
dlsym: unresolved glVertexAttrib3fARB
dlsym: unresolved glVertexAttrib3fARB
dlsym: unresolved glVertexAttrib3fARB
dlsym: unresolved _glVertexAttrib3fARB
dlsym: unresolved glVertexAttrib3dARB
dlsym: unresolved glVertexAttrib3dARB
dlsym: unresolved glVertexAttrib3dARB
dlsym: unresolved _glVertexAttrib3dARB
dlsym: unresolved glVertexAttrib4sARB
dlsym: unresolved glVertexAttrib4sARB
dlsym: unresolved glVertexAttrib4sARB
dlsym: unresolved _glVertexAttrib4sARB
dlsym: unresolved glVertexAttrib4fARB
dlsym: unresolved glVertexAttrib4fARB
dlsym: unresolved glVertexAttrib4fARB
dlsym: unresolved _glVertexAttrib4fARB
dlsym: unresolved glVertexAttrib4dARB
dlsym: unresolved glVertexAttrib4dARB
dlsym: unresolved glVertexAttrib4dARB
dlsym: unresolved _glVertexAttrib4dARB
dlsym: unresolved glVertexAttrib4NubARB
dlsym: unresolved glVertexAttrib4NubARB
dlsym: unresolved glVertexAttrib4NubARB
dlsym: unresolved _glVertexAttrib4NubARB
dlsym: unresolved glVertexAttrib1svARB
dlsym: unresolved glVertexAttrib1svARB
dlsym: unresolved glVertexAttrib1svARB
dlsym: unresolved _glVertexAttrib1svARB
dlsym: unresolved glVertexAttrib1fvARB
dlsym: unresolved glVertexAttrib1fvARB
dlsym: unresolved glVertexAttrib1fvARB
dlsym: unresolved _glVertexAttrib1fvARB
dlsym: unresolved glVertexAttrib1dvARB
dlsym: unresolved glVertexAttrib1dvARB
dlsym: unresolved glVertexAttrib1dvARB
dlsym: unresolved _glVertexAttrib1dvARB
dlsym: unresolved glVertexAttrib2svARB
dlsym: unresolved glVertexAttrib2svARB
dlsym: unresolved glVertexAttrib2svARB
dlsym: unresolved _glVertexAttrib2svARB
dlsym: unresolved glVertexAttrib2fvARB
dlsym: unresolved glVertexAttrib2fvARB
dlsym: unresolved glVertexAttrib2fvARB
dlsym: unresolved _glVertexAttrib2fvARB
dlsym: unresolved glVertexAttrib2dvARB
dlsym: unresolved glVertexAttrib2dvARB
dlsym: unresolved glVertexAttrib2dvARB
dlsym: unresolved _glVertexAttrib2dvARB
dlsym: unresolved glVertexAttrib3svARB
dlsym: unresolved glVertexAttrib3svARB
dlsym: unresolved glVertexAttrib3svARB
dlsym: unresolved _glVertexAttrib3svARB
dlsym: unresolved glVertexAttrib3fvARB
dlsym: unresolved glVertexAttrib3fvARB
dlsym: unresolved glVertexAttrib3fvARB
dlsym: unresolved _glVertexAttrib3fvARB
dlsym: unresolved glVertexAttrib3dvARB
dlsym: unresolved glVertexAttrib3dvARB
dlsym: unresolved glVertexAttrib3dvARB
dlsym: unresolved _glVertexAttrib3dvARB
dlsym: unresolved glVertexAttrib4bvARB
dlsym: unresolved glVertexAttrib4bvARB
dlsym: unresolved glVertexAttrib4bvARB
dlsym: unresolved _glVertexAttrib4bvARB
dlsym: unresolved glVertexAttrib4svARB
dlsym: unresolved glVertexAttrib4svARB
dlsym: unresolved glVertexAttrib4svARB
dlsym: unresolved _glVertexAttrib4svARB
dlsym: unresolved glVertexAttrib4ivARB
dlsym: unresolved glVertexAttrib4ivARB
dlsym: unresolved glVertexAttrib4ivARB
dlsym: unresolved _glVertexAttrib4ivARB
dlsym: unresolved glVertexAttrib4ubvARB
dlsym: unresolved glVertexAttrib4ubvARB
dlsym: unresolved glVertexAttrib4ubvARB
dlsym: unresolved _glVertexAttrib4ubvARB
dlsym: unresolved glVertexAttrib4usvARB
dlsym: unresolved glVertexAttrib4usvARB
dlsym: unresolved glVertexAttrib4usvARB
dlsym: unresolved _glVertexAttrib4usvARB
dlsym: unresolved glVertexAttrib4uivARB
dlsym: unresolved glVertexAttrib4uivARB
dlsym: unresolved glVertexAttrib4uivARB
dlsym: unresolved _glVertexAttrib4uivARB
dlsym: unresolved glVertexAttrib4fvARB
dlsym: unresolved glVertexAttrib4fvARB
dlsym: unresolved glVertexAttrib4fvARB
dlsym: unresolved _glVertexAttrib4fvARB
dlsym: unresolved glVertexAttrib4dvARB
dlsym: unresolved glVertexAttrib4dvARB
dlsym: unresolved glVertexAttrib4dvARB
dlsym: unresolved _glVertexAttrib4dvARB
dlsym: unresolved glVertexAttrib4NbvARB
dlsym: unresolved glVertexAttrib4NbvARB
dlsym: unresolved glVertexAttrib4NbvARB
dlsym: unresolved _glVertexAttrib4NbvARB
dlsym: unresolved glVertexAttrib4NsvARB
dlsym: unresolved glVertexAttrib4NsvARB
dlsym: unresolved glVertexAttrib4NsvARB
dlsym: unresolved _glVertexAttrib4NsvARB
dlsym: unresolved glVertexAttrib4NivARB
dlsym: unresolved glVertexAttrib4NivARB
dlsym: unresolved glVertexAttrib4NivARB
dlsym: unresolved _glVertexAttrib4NivARB
dlsym: unresolved glVertexAttrib4NubvARB
dlsym: unresolved glVertexAttrib4NubvARB
dlsym: unresolved glVertexAttrib4NubvARB
dlsym: unresolved _glVertexAttrib4NubvARB
dlsym: unresolved glVertexAttrib4NusvARB
dlsym: unresolved glVertexAttrib4NusvARB
dlsym: unresolved glVertexAttrib4NusvARB
dlsym: unresolved _glVertexAttrib4NusvARB
dlsym: unresolved glVertexAttrib4NuivARB
dlsym: unresolved glVertexAttrib4NuivARB
dlsym: unresolved glVertexAttrib4NuivARB
dlsym: unresolved _glVertexAttrib4NuivARB
dlsym: unresolved glVertexAttribPointerARB
dlsym: unresolved glVertexAttribPointerARB
dlsym: unresolved glVertexAttribPointerARB
dlsym: unresolved _glVertexAttribPointerARB
dlsym: unresolved glEnableVertexAttribArrayARB
dlsym: unresolved glEnableVertexAttribArrayARB
dlsym: unresolved glEnableVertexAttribArrayARB
dlsym: unresolved _glEnableVertexAttribArrayARB
dlsym: unresolved glDisableVertexAttribArrayARB
dlsym: unresolved glDisableVertexAttribArrayARB
dlsym: unresolved glDisableVertexAttribArrayARB
dlsym: unresolved _glDisableVertexAttribArrayARB
dlsym: unresolved glProgramStringARB
dlsym: unresolved glProgramStringARB
dlsym: unresolved glProgramStringARB
dlsym: unresolved _glProgramStringARB
dlsym: unresolved glBindProgramARB
dlsym: unresolved glBindProgramARB
dlsym: unresolved glBindProgramARB
dlsym: unresolved _glBindProgramARB
dlsym: unresolved glDeleteProgramsARB
dlsym: unresolved glDeleteProgramsARB
dlsym: unresolved glDeleteProgramsARB
dlsym: unresolved _glDeleteProgramsARB
dlsym: unresolved glGenProgramsARB
dlsym: unresolved glGenProgramsARB
dlsym: unresolved glGenProgramsARB
dlsym: unresolved _glGenProgramsARB
dlsym: unresolved glProgramEnvParameter4dARB
dlsym: unresolved glProgramEnvParameter4dARB
dlsym: unresolved glProgramEnvParameter4dARB
dlsym: unresolved _glProgramEnvParameter4dARB
dlsym: unresolved glProgramEnvParameter4dvARB
dlsym: unresolved glProgramEnvParameter4dvARB
dlsym: unresolved glProgramEnvParameter4dvARB
dlsym: unresolved _glProgramEnvParameter4dvARB
dlsym: unresolved glProgramEnvParameter4fARB
dlsym: unresolved glProgramEnvParameter4fARB
dlsym: unresolved glProgramEnvParameter4fARB
dlsym: unresolved _glProgramEnvParameter4fARB
dlsym: unresolved glProgramEnvParameter4fvARB
dlsym: unresolved glProgramEnvParameter4fvARB
dlsym: unresolved glProgramEnvParameter4fvARB
dlsym: unresolved _glProgramEnvParameter4fvARB
dlsym: unresolved glProgramLocalParameter4dARB
dlsym: unresolved glProgramLocalParameter4dARB
dlsym: unresolved glProgramLocalParameter4dARB
dlsym: unresolved _glProgramLocalParameter4dARB
dlsym: unresolved glProgramLocalParameter4dvARB
dlsym: unresolved glProgramLocalParameter4dvARB
dlsym: unresolved glProgramLocalParameter4dvARB
dlsym: unresolved _glProgramLocalParameter4dvARB
dlsym: unresolved glProgramLocalParameter4fARB
dlsym: unresolved glProgramLocalParameter4fARB
dlsym: unresolved glProgramLocalParameter4fARB
dlsym: unresolved _glProgramLocalParameter4fARB
dlsym: unresolved glProgramLocalParameter4fvARB
dlsym: unresolved glProgramLocalParameter4fvARB
dlsym: unresolved glProgramLocalParameter4fvARB
dlsym: unresolved _glProgramLocalParameter4fvARB
dlsym: unresolved glGetProgramEnvParameterdvARB
dlsym: unresolved glGetProgramEnvParameterdvARB
dlsym: unresolved glGetProgramEnvParameterdvARB
dlsym: unresolved _glGetProgramEnvParameterdvARB
dlsym: unresolved glGetProgramEnvParameterfvARB
dlsym: unresolved glGetProgramEnvParameterfvARB
dlsym: unresolved glGetProgramEnvParameterfvARB
dlsym: unresolved _glGetProgramEnvParameterfvARB
dlsym: unresolved glGetProgramLocalParameterdvARB
dlsym: unresolved glGetProgramLocalParameterdvARB
dlsym: unresolved glGetProgramLocalParameterdvARB
dlsym: unresolved _glGetProgramLocalParameterdvARB
dlsym: unresolved glGetProgramLocalParameterfvARB
dlsym: unresolved glGetProgramLocalParameterfvARB
dlsym: unresolved glGetProgramLocalParameterfvARB
dlsym: unresolved _glGetProgramLocalParameterfvARB
dlsym: unresolved glGetProgramivARB
dlsym: unresolved glGetProgramivARB
dlsym: unresolved glGetProgramivARB
dlsym: unresolved _glGetProgramivARB
dlsym: unresolved glGetProgramStringARB
dlsym: unresolved glGetProgramStringARB
dlsym: unresolved glGetProgramStringARB
dlsym: unresolved _glGetProgramStringARB
dlsym: unresolved glGetVertexAttribdvARB
dlsym: unresolved glGetVertexAttribdvARB
dlsym: unresolved glGetVertexAttribdvARB
dlsym: unresolved _glGetVertexAttribdvARB
dlsym: unresolved glGetVertexAttribfvARB
dlsym: unresolved glGetVertexAttribfvARB
dlsym: unresolved glGetVertexAttribfvARB
dlsym: unresolved _glGetVertexAttribfvARB
dlsym: unresolved glGetVertexAttribivARB
dlsym: unresolved glGetVertexAttribivARB
dlsym: unresolved glGetVertexAttribivARB
dlsym: unresolved _glGetVertexAttribivARB
dlsym: unresolved glGetVertexAttribPointervARB
dlsym: unresolved glGetVertexAttribPointervARB
dlsym: unresolved glGetVertexAttribPointervARB
dlsym: unresolved _glGetVertexAttribPointervARB
dlsym: unresolved glIsProgramARB
dlsym: unresolved glIsProgramARB
dlsym: unresolved glIsProgramARB
dlsym: unresolved _glIsProgramARB
dlsym: unresolved glDeleteBuffersARB
dlsym: unresolved glDeleteBuffersARB
dlsym: unresolved glDeleteBuffersARB
dlsym: unresolved _glDeleteBuffersARB
dlsym: unresolved glIsBufferARB
dlsym: unresolved glIsBufferARB
dlsym: unresolved glIsBufferARB
dlsym: unresolved _glIsBufferARB
dlsym: unresolved glGetBufferSubDataARB
dlsym: unresolved glGetBufferSubDataARB
dlsym: unresolved glGetBufferSubDataARB
dlsym: unresolved _glGetBufferSubDataARB
dlsym: unresolved glMapBufferARB
dlsym: unresolved glMapBufferARB
dlsym: unresolved glMapBufferARB
dlsym: unresolved _glMapBufferARB
dlsym: unresolved glUnmapBufferARB
dlsym: unresolved glUnmapBufferARB
dlsym: unresolved glUnmapBufferARB
dlsym: unresolved _glUnmapBufferARB
dlsym: unresolved glGetBufferParameterivARB
dlsym: unresolved glGetBufferParameterivARB
dlsym: unresolved glGetBufferParameterivARB
dlsym: unresolved _glGetBufferParameterivARB
dlsym: unresolved glGetBufferPointervARB
dlsym: unresolved glGetBufferPointervARB
dlsym: unresolved glGetBufferPointervARB
dlsym: unresolved _glGetBufferPointervARB
dlsym: unresolved glTexSubImage3DEXT
dlsym: unresolved glTexSubImage3DEXT
dlsym: unresolved glTexSubImage3DEXT
dlsym: unresolved _glTexSubImage3DEXT
dlsym: unresolved glFogCoordPointerEXT
dlsym: unresolved glFogCoordPointerEXT
dlsym: unresolved glFogCoordPointerEXT
dlsym: unresolved _glFogCoordPointerEXT
dlsym: unresolved glFogCoordfEXT
dlsym: unresolved glFogCoordfEXT
dlsym: unresolved glFogCoordfEXT
dlsym: unresolved _glFogCoordfEXT
dlsym: unresolved glDrawRangeElementsEXT
dlsym: unresolved glDrawRangeElementsEXT
dlsym: unresolved glDrawRangeElementsEXT
dlsym: unresolved _glDrawRangeElementsEXT
dlsym: unresolved glGenOcclusionQueriesNV
dlsym: unresolved glGenOcclusionQueriesNV
dlsym: unresolved glGenOcclusionQueriesNV
dlsym: unresolved _glGenOcclusionQueriesNV
EGL: eglGetProcAddress(glGenOcclusionQueriesNV) -> NULL
dlsym: unresolved glGenOcclusionQueriesNV
dlsym: unresolved glGenOcclusionQueriesNV
dlsym: unresolved glGenOcclusionQueriesNV
dlsym: unresolved glGenOcclusionQueriesNV
dlsym: unresolved glDeleteOcclusionQueriesNV
dlsym: unresolved glDeleteOcclusionQueriesNV
dlsym: unresolved glDeleteOcclusionQueriesNV
dlsym: unresolved _glDeleteOcclusionQueriesNV
EGL: eglGetProcAddress(glDeleteOcclusionQueriesNV) -> NULL
dlsym: unresolved glDeleteOcclusionQueriesNV
dlsym: unresolved glDeleteOcclusionQueriesNV
dlsym: unresolved glDeleteOcclusionQueriesNV
dlsym: unresolved glDeleteOcclusionQueriesNV
dlsym: unresolved glIsOcclusionQueryNV
dlsym: unresolved glIsOcclusionQueryNV
dlsym: unresolved glIsOcclusionQueryNV
dlsym: unresolved _glIsOcclusionQueryNV
EGL: eglGetProcAddress(glIsOcclusionQueryNV) -> NULL
dlsym: unresolved glIsOcclusionQueryNV
dlsym: unresolved glIsOcclusionQueryNV
dlsym: unresolved glIsOcclusionQueryNV
dlsym: unresolved glIsOcclusionQueryNV
dlsym: unresolved glBeginOcclusionQueryNV
dlsym: unresolved glBeginOcclusionQueryNV
dlsym: unresolved glBeginOcclusionQueryNV
dlsym: unresolved _glBeginOcclusionQueryNV
EGL: eglGetProcAddress(glBeginOcclusionQueryNV) -> NULL
dlsym: unresolved glBeginOcclusionQueryNV
dlsym: unresolved glBeginOcclusionQueryNV
dlsym: unresolved glBeginOcclusionQueryNV
dlsym: unresolved glBeginOcclusionQueryNV
dlsym: unresolved glEndOcclusionQueryNV
dlsym: unresolved glEndOcclusionQueryNV
dlsym: unresolved glEndOcclusionQueryNV
dlsym: unresolved _glEndOcclusionQueryNV
EGL: eglGetProcAddress(glEndOcclusionQueryNV) -> NULL
dlsym: unresolved glEndOcclusionQueryNV
dlsym: unresolved glEndOcclusionQueryNV
dlsym: unresolved glEndOcclusionQueryNV
dlsym: unresolved glEndOcclusionQueryNV
dlsym: unresolved glGetOcclusionQueryivNV
dlsym: unresolved glGetOcclusionQueryivNV
dlsym: unresolved glGetOcclusionQueryivNV
dlsym: unresolved _glGetOcclusionQueryivNV
EGL: eglGetProcAddress(glGetOcclusionQueryivNV) -> NULL
dlsym: unresolved glGetOcclusionQueryivNV
dlsym: unresolved glGetOcclusionQueryivNV
dlsym: unresolved glGetOcclusionQueryivNV
dlsym: unresolved glGetOcclusionQueryivNV
dlsym: unresolved glGetOcclusionQueryuivNV
dlsym: unresolved glGetOcclusionQueryuivNV
dlsym: unresolved glGetOcclusionQueryuivNV
dlsym: unresolved _glGetOcclusionQueryuivNV
EGL: eglGetProcAddress(glGetOcclusionQueryuivNV) -> NULL
dlsym: unresolved glGetOcclusionQueryuivNV
dlsym: unresolved glGetOcclusionQueryuivNV
dlsym: unresolved glGetOcclusionQueryuivNV
dlsym: unresolved glGetOcclusionQueryuivNV
dlsym: unresolved glGenFragmentShadersATI
dlsym: unresolved glGenFragmentShadersATI
dlsym: unresolved glGenFragmentShadersATI
dlsym: unresolved _glGenFragmentShadersATI
dlsym: unresolved glBindFragmentShaderATI
dlsym: unresolved glBindFragmentShaderATI
dlsym: unresolved glBindFragmentShaderATI
dlsym: unresolved _glBindFragmentShaderATI
dlsym: unresolved glDeleteFragmentShaderATI
dlsym: unresolved glDeleteFragmentShaderATI
dlsym: unresolved glDeleteFragmentShaderATI
dlsym: unresolved _glDeleteFragmentShaderATI
dlsym: unresolved glBeginFragmentShaderATI
dlsym: unresolved glBeginFragmentShaderATI
dlsym: unresolved glBeginFragmentShaderATI
dlsym: unresolved _glBeginFragmentShaderATI
dlsym: unresolved glEndFragmentShaderATI
dlsym: unresolved glEndFragmentShaderATI
dlsym: unresolved glEndFragmentShaderATI
dlsym: unresolved _glEndFragmentShaderATI
dlsym: unresolved glPassTexCoordATI
dlsym: unresolved glPassTexCoordATI
dlsym: unresolved glPassTexCoordATI
dlsym: unresolved _glPassTexCoordATI
dlsym: unresolved glSampleMapATI
dlsym: unresolved glSampleMapATI
dlsym: unresolved glSampleMapATI
dlsym: unresolved _glSampleMapATI
dlsym: unresolved glColorFragmentOp1ATI
dlsym: unresolved glColorFragmentOp1ATI
dlsym: unresolved glColorFragmentOp1ATI
dlsym: unresolved _glColorFragmentOp1ATI
dlsym: unresolved glColorFragmentOp2ATI
dlsym: unresolved glColorFragmentOp2ATI
dlsym: unresolved glColorFragmentOp2ATI
dlsym: unresolved _glColorFragmentOp2ATI
dlsym: unresolved glColorFragmentOp3ATI
dlsym: unresolved glColorFragmentOp3ATI
dlsym: unresolved glColorFragmentOp3ATI
dlsym: unresolved _glColorFragmentOp3ATI
dlsym: unresolved glAlphaFragmentOp1ATI
dlsym: unresolved glAlphaFragmentOp1ATI
dlsym: unresolved glAlphaFragmentOp1ATI
dlsym: unresolved _glAlphaFragmentOp1ATI
dlsym: unresolved glAlphaFragmentOp2ATI
dlsym: unresolved glAlphaFragmentOp2ATI
dlsym: unresolved glAlphaFragmentOp2ATI
dlsym: unresolved _glAlphaFragmentOp2ATI
dlsym: unresolved glAlphaFragmentOp3ATI
dlsym: unresolved glAlphaFragmentOp3ATI
dlsym: unresolved glAlphaFragmentOp3ATI
dlsym: unresolved _glAlphaFragmentOp3ATI
dlsym: unresolved glSetFragmentShaderConstantATI
dlsym: unresolved glSetFragmentShaderConstantATI
dlsym: unresolved glSetFragmentShaderConstantATI
dlsym: unresolved _glSetFragmentShaderConstantATI
[CryEngine] ****** OpenGL Driver Stats ******

[CryEngine]   ...using GL_ARB_texture_compression

pak CACHE: textures/red.dds
pak CACHE: textures/white.dds
pak CACHE: textures/white_ddn.dds
pak CACHE: textures/defaults/pointlight2d.dds
fopen FAIL: textures/grad14.dds (mode=rb)
fopen FAIL: textures/grad14.tga (mode=rb)
fopen FAIL: textures/grad14.jpg (mode=rb)
fopen FAIL: ./grad14.dds (mode=rb)
fopen FAIL: ./grad14.tga (mode=rb)
fopen FAIL: ./grad14.jpg (mode=rb)
pak CACHE: textures/grey.dds
pak CACHE: textures/flashbangflash.dds
pak CACHE: textures/screennoise.dds
pak CACHE: textures/defaults/palletteheat.dds
pak CACHE: textures/fogenter.dds
pak CACHE: Shaders/Aliases.txt
pak CACHE: Shaders/CustomAliases.txt
pak DIR EXTRACT: shaders/scripts/cryshaders/lights.csl <- FCData/Shaders.pak
pak DIR EXTRACT: shaders/scripts/cryshaders/noise.csl <- FCData/Shaders.pak
pak DIR EXTRACT: shaders/scripts/cryshaders/sky.csl <- FCData/Shaders.pak
pak DIR EXTRACT: shaders/scripts/cryshaders/system/lightmaterials.csl <- FCData/Shaders.pak
pak DIR EXTRACT: shaders/scripts/cryshaders/system/lightstyles.csl <- FCData/Shaders.pak
pak DIR EXTRACT: shaders/scripts/cryshaders/system/sunflares.csl <- FCData/Shaders.pak
pak DIR EXTRACT: shaders/scripts/cryshaders/templates.csl <- FCData/Shaders.pak
pak DIR EXTRACT: shaders/scripts/scripts.dsp <- FCData/Shaders.pak
pak DIR EXTRACT: shaders/scripts/scripts.vcproj <- FCData/Shaders.pak
pak DIR EXTRACT: shaders/scripts/scripts.vcproj.old <- FCData/Shaders.pak
pak DIR EXTRACT: shaders/scripts/scripts.vcproj.vspscc <- FCData/Shaders.pak
opendir PAK: Shaders/Scripts/
[CryEngine] WARNING: Warning: Shaders couldn't be found in directory 'Shaders/Scripts/'
pak DIR EXTRACT: shaders/hwscripts/declarations/cgpshaders/cache/do_not_delete_this_folder.txt <- FCData/Shaders.pak
pak DIR EXTRACT: shaders/hwscripts/declarations/cgpshaders/cgpsbumpoffset.crycg <- FCData/Shaders.pak
pak DIR EXTRACT: shaders/hwscripts/declarations/cgpshaders/cgpsbump_diffspec_multiplelight_ps.crycg <- FCData/Shaders.pak
pak DIR EXTRACT: shaders/hwscripts/declarations/cgpshaders/cgpsscreen.crycg <- FCData/Shaders.pak
pak DIR EXTRACT: shaders/hwscripts/declarations/cgpshaders/cgrcalpha.crycg <- FCData/Shaders.pak
pak DIR EXTRACT: shaders/hwscripts/declarations/cgpshaders/cgrcambient.crycg <- FCData/Shaders.pak
pak DIR EXTRACT: shaders/hwscripts/declarations/cgpshaders/cgrcambienttempl.crycg <- FCData/Shaders.pak
pak DIR EXTRACT: shaders/hwscripts/declarations/cgpshaders/cgrcambient_alpha.crycg <- FCData/Shaders.pak
pak DIR EXTRACT: shaders/hwscripts/declarations/cgpshaders/cgrcambient_alphaconst.crycg <- FCData/Shaders.pak
pak DIR EXTRACT: shaders/hwscripts/declarations/cgpshaders/cgrcambient_alphaglow.crycg <- FCData/Shaders.pak
pak DIR EXTRACT: shaders/hwscripts/declarations/cgpshaders/cgrcambient_alphaglow_envcm.crycg <- FCData/Shaders.pak
pak DIR EXTRACT: shaders/hwscripts/declarations/cgpshaders/cgrcambient_alphaglow_envcmspec_ps20.crycg <- FCData/Shaders.pak
pak DIR EXTRACT: shaders/hwscripts/declarations/cgpshaders/cgrcambient_alphaglow_envlight.crycg <- FCData/Shaders.pak
pak DIR EXTRACT: shaders/hwscripts/declarations/cgpshaders/cgrcambient_decal.crycg <- FCData/Shaders.pak
pak DIR EXTRACT: shaders/hwscripts/declarations/cgpshaders/cgrcambient_envcm.crycg <- FCData/Shaders.pak
pak DIR EXTRACT: shaders/hwscripts/declarations/cgpshaders/cgrcambient_envcmspec_ps20.crycg <- FCData/Shaders.pak
pak DIR EXTRACT: shaders/hwscripts/declarations/cgpshaders/cgrcambient_envlight.crycg <- FCData/Shaders.pak
pak DIR EXTRACT: shaders/hwscripts/declarations/cgpshaders/cgrcambient_glossalpha_envcmspec_ps20.crycg <- FCData/Shaders.pak
pak DIR EXTRACT: shaders/hwscripts/declarations/cgpshaders/cgrcambient_gloss_envcmspec_ps20.crycg <- FCData/Shaders.pak
pak DIR EXTRACT: shaders/hwscripts/declarations/cgpshaders/cgrcambient_glow.crycg <- FCData/Shaders.pak
pak DIR EXTRACT: shaders/hwscripts/declarations/cgpshaders/cgrcambient_particle.crycg <- FCData/Shaders.pak
pak DIR EXTRACT: shaders/hwscripts/declarations/cgpshaders/cgrcambient_particle_heatvis.crycg <- FCData/Shaders.pak
pak DIR EXTRACT: shaders/hwscripts/declarations/cgpshaders/cgrcbark_sunrabbits.crycg <- FCData/Shaders.pak
pak DIR EXTRACT: shaders/hwscripts/declarations/cgpshaders/cgrcbeam.crycg <- FCData/Shaders.pak
pak DIR EXTRACT: shaders/hwscripts/declarations/cgpshaders/cgrcblur.crycg <- FCData/Shaders.pak
pak DIR EXTRACT: shaders/hwscripts/declarations/cgpshaders/cgrcblurrect.crycg <- FCData/Shaders.pak
pak DIR EXTRACT: shaders/hwscripts/declarations/cgpshaders/cgrcblursep.crycg <- FCData/Shaders.pak
pak DIR EXTRACT: shaders/hwscripts/declarations/cgpshaders/cgrcbluryscreen.crycg <- FCData/Shaders.pak
pak DIR EXTRACT: shaders/hwscripts/declarations/cgpshaders/cgrcbrushedmetal.crycg <- FCData/Shaders.pak
pak DIR EXTRACT: shaders/hwscripts/declarations/cgpshaders/cgrcbubble_ps20.crycg <- FCData/Shaders.pak
pak DIR EXTRACT: shaders/hwscripts/declarations/cgpshaders/cgrcbumpsunglow.crycg <- FCData/Shaders.pak
pak DIR EXTRACT: shaders/hwscripts/declarations/cgpshaders/cgrcbumpsunglow_ps20.crycg <- FCData/Shaders.pak
pak DIR EXTRACT: shaders/hwscripts/declarations/cgpshaders/cgrcbump_diff.crycg <- FCData/Shaders.pak
pak DIR EXTRACT: shaders/hwscripts/declarations/cgpshaders/cgrcbump_diffpass_terrain_projsinglelight_vertatten.crycg <- FCData/Shaders.pak
pak DIR EXTRACT: shaders/hwscripts/declarations/cgpshaders/cgrcbump_diffpass_terrain_singlelight_atten.crycg <- FCData/Shaders.pak
pak DIR EXTRACT: shaders/hwscripts/declarations/cgpshaders/cgrcbump_diffspec_multiplelights.crycg <- FCData/Shaders.pak
pak DIR EXTRACT: shaders/hwscripts/declarations/cgpshaders/cgrcbump_diffspec_multiplelights_atten.crycg <- FCData/Shaders.pak
pak DIR EXTRACT: shaders/hwscripts/declarations/cgpshaders/cgrcbump_diffspec_multiplelights_atten_gloss.crycg <- FCData/Shaders.pak
pak DIR EXTRACT: shaders/hwscripts/declarations/cgpshaders/cgrcbump_diffspec_multiplelights_atten_glossalpha.crycg <- FCData/Shaders.pak
pak DIR EXTRACT: shaders/hwscripts/declarations/cgpshaders/cgrcbump_diffspec_multiplelights_atten_glossalpha_powerglossalpha_ps20.crycg <- FCData/Shaders.pak
pak DIR EXTRACT: shaders/hwscripts/declarations/cgpshaders/cgrcbump_diffspec_multiplelights_atten_glossalpha_ps20.crycg <- FCData/Shaders.pak
pak DIR EXTRACT: shaders/hwscripts/declarations/cgpshaders/cgrcbump_diffspec_multiplelights_atten_gloss_powerglossalpha_ps20.crycg <- FCData/Shaders.pak
pak DIR EXTRACT: shaders/hwscripts/declarations/cgpshaders/cgrcbump_diffspec_multiplelights_atten_gloss_ps20.crycg <- FCData/Shaders.pak
pak DIR EXTRACT: shaders/hwscripts/declarations/cgpshaders/cgrcbump_diffspec_multiplelights_atten_powerglossalpha_ps20.crycg <- FCData/Shaders.pak
pak DIR EXTRACT: shaders/hwscripts/declarations/cgpshaders/cgrcbump_diffspec_multiplelights_atten_ps20.crycg <- FCData/Shaders.pak
pak DIR EXTRACT: shaders/hwscripts/declarations/cgpshaders/cgrcbump_diffspec_multiplelights_gloss.crycg <- FCData/Shaders.pak
pak DIR EXTRACT: shaders/hwscripts/declarations/cgpshaders/cgrcbump_diffspec_multiplelights_glossalpha.crycg <- FCData/Shaders.pak
pak DIR EXTRACT: shaders/hwscripts/declarations/cgpshaders/cgrcbump_diffspec_multiplelights_glossalpha_powerglossalpha_ps20.crycg <- FCData/Shaders.pak
pak DIR EXTRACT: shaders/hwscripts/declarations/cgpshaders/cgrcbump_diffspec_multiplelights_glossalpha_ps20.crycg <- FCData/Shaders.pak
pak DIR EXTRACT: shaders/hwscripts/declarations/cgpshaders/cgrcbump_diffspec_multiplelights_gloss_powerglossalpha_ps20.crycg <- FCData/Shaders.pak
pak DIR EXTRACT: shaders/hwscripts/declarations/cgpshaders/cgrcbump_diffspec_multiplelights_gloss_ps20.crycg <- FCData/Shaders.pak
pak DIR EXTRACT: shaders/hwscripts/declarations/cgpshaders/cgrcbump_diffspec_multiplelights_hp_atten.crycg <- FCData/Shaders.pak
pak DIR EXTRACT: shaders/hwscripts/declarations/cgpshaders/cgrcbump_diffspec_multiplelights_hp_atten_glossalpha.crycg <- FCData/Shaders.pak
pak DIR EXTRACT: shaders/hwscripts/declarations/cgpshaders/cgrcbump_diffspec_multiplelights_hp_noatten.crycg <- FCData/Shaders.pak
pak DIR EXTRACT: shaders/hwscripts/declarations/cgpshaders/cgrcbump_diffspec_multiplelights_hp_noatten_glossalpha.crycg <- FCData/Shaders.pak
pak DIR EXTRACT: shaders/hwscripts/declarations/cgpshaders/cgrcbump_diffspec_multiplelights_hp_projnoatten.crycg <- FCData/Shaders.pak
pak DIR EXTRACT: shaders/hwscripts/declarations/cgpshaders/cgrcbump_diffspec_multiplelights_hp_projnoatten_glossalpha.crycg <- FCData/Shaders.pak
pak DIR EXTRACT: shaders/hwscripts/declarations/cgpshaders/cgrcbump_diffspec_multiplelights_powerglossalpha_ps20.crycg <- FCData/Shaders.pak
pak DIR EXTRACT: shaders/hwscripts/declarations/cgpshaders/cgrcbump_diffspec_multiplelights_proj.crycg <- FCData/Shaders.pak
pak DIR EXTRACT: shaders/hwscripts/declarations/cgpshaders/cgrcbump_diffspec_multiplelights_projatten_glossalpha_ps20.crycg <- FCData/Shaders.pak
pak DIR EXTRACT: shaders/hwscripts/declarations/cgpshaders/cgrcbump_diffspec_multiplelights_projatten_gloss_ps20.crycg <- FCData/Shaders.pak
pak DIR EXTRACT: shaders/hwscripts/declarations/cgpshaders/cgrcbump_diffspec_multiplelights_projatten_ps20.crycg <- FCData/Shaders.pak
pak DIR EXTRACT: shaders/hwscripts/declarations/cgpshaders/cgrcbump_diffspec_multiplelights_proj_gloss.crycg <- FCData/Shaders.pak
pak DIR EXTRACT: shaders/hwscripts/declarations/cgpshaders/cgrcbump_diffspec_multiplelights_proj_glossalpha.crycg <- FCData/Shaders.pak
pak DIR EXTRACT: shaders/hwscripts/declarations/cgpshaders/cgrcbump_diffspec_multiplelights_proj_glossalpha_powerglossalpha_ps20.crycg <- FCData/Shaders.pak
pak DIR EXTRACT: shaders/hwscripts/declarations/cgpshaders/cgrcbump_diffspec_multiplelights_proj_glossalpha_ps20.crycg <- FCData/Shaders.pak
pak DIR EXTRACT: shaders/hwscripts/declarations/cgpshaders/cgrcbump_diffspec_multiplelights_proj_gloss_powerglossalpha_ps20.crycg <- FCData/Shaders.pak
pak DIR EXTRACT: shaders/hwscripts/declarations/cgpshaders/cgrcbump_diffspec_multiplelights_proj_gloss_ps20.crycg <- FCData/Shaders.pak
pak DIR EXTRACT: shaders/hwscripts/declarations/cgpshaders/cgrcbump_diffspec_multiplelights_proj_powerglossalpha_ps20.crycg <- FCData/Shaders.pak
pak DIR EXTRACT: shaders/hwscripts/declarations/cgpshaders/cgrcbump_diffspec_multiplelights_proj_ps20.crycg <- FCData/Shaders.pak
pak DIR EXTRACT: shaders/hwscripts/declarations/cgpshaders/cgrcbump_diffspec_multiplelights_ps20.crycg <- FCData/Shaders.pak
pak DIR EXTRACT: shaders/hwscripts/declarations/cgpshaders/cgrcbump_diffspec_multiplelight_ps.crycg <- FCData/Shaders.pak
pak DIR EXTRACT: shaders/hwscripts/declarations/cgpshaders/cgrcbump_diffspec_singlelight.crycg <- FCData/Shaders.pak
pak DIR EXTRACT: shaders/hwscripts/declarations/cgpshaders/cgrcbump_diffspec_singlelight_atten.crycg <- FCData/Shaders.pak
pak DIR EXTRACT: shaders/hwscripts/declarations/cgpshaders/cgrcbump_diffspec_singlelight_atten_envcm.crycg <- FCData/Shaders.pak
pak DIR EXTRACT: shaders/hwscripts/declarations/cgpshaders/cgrcbump_diffspec_singlelight_atten_envcmspec_powerglossalpha_ps20.crycg <- FCData/Shaders.pak
pak DIR EXTRACT: shaders/hwscripts/declarations/cgpshaders/cgrcbump_diffspec_singlelight_atten_envcmspec_ps20.crycg <- FCData/Shaders.pak
pak DIR EXTRACT: shaders/hwscripts/declarations/cgpshaders/cgrcbump_diffspec_singlelight_atten_envcm_powerglossalpha_ps20.crycg <- FCData/Shaders.pak
pak DIR EXTRACT: shaders/hwscripts/declarations/cgpshaders/cgrcbump_diffspec_singlelight_atten_envcm_ps20.crycg <- FCData/Shaders.pak
pak DIR EXTRACT: shaders/hwscripts/declarations/cgpshaders/cgrcbump_diffspec_singlelight_atten_envlight.crycg <- FCData/Shaders.pak
pak DIR EXTRACT: shaders/hwscripts/declarations/cgpshaders/cgrcbump_diffspec_singlelight_atten_envlight_powerglossalpha_ps20.crycg <- FCData/Shaders.pak
pak DIR EXTRACT: shaders/hwscripts/declarations/cgpshaders/cgrcbump_diffspec_singlelight_atten_envlight_ps20.crycg <- FCData/Shaders.pak
pak DIR EXTRACT: shaders/hwscripts/declarations/cgpshaders/cgrcbump_diffspec_singlelight_atten_gloss.crycg <- FCData/Shaders.pak
pak DIR EXTRACT: shaders/hwscripts/declarations/cgpshaders/cgrcbump_diffspec_singlelight_atten_glossalpha.crycg <- FCData/Shaders.pak
pak DIR EXTRACT: shaders/hwscripts/declarations/cgpshaders/cgrcbump_diffspec_singlelight_atten_glossalpha_envcm.crycg <- FCData/Shaders.pak
pak DIR EXTRACT: shaders/hwscripts/declarations/cgpshaders/cgrcbump_diffspec_singlelight_atten_glossalpha_envcmspec_powerglossalpha_ps20.crycg <- FCData/Shaders.pak
pak DIR EXTRACT: shaders/hwscripts/declarations/cgpshaders/cgrcbump_diffspec_singlelight_atten_glossalpha_envcmspec_ps20.crycg <- FCData/Shaders.pak
pak DIR EXTRACT: shaders/hwscripts/declarations/cgpshaders/cgrcbump_diffspec_singlelight_atten_glossalpha_envcm_powerglossalpha_ps20.crycg <- FCData/Shaders.pak
pak DIR EXTRACT: shaders/hwscripts/declarations/cgpshaders/cgrcbump_diffspec_singlelight_atten_glossalpha_envcm_ps20.crycg <- FCData/Shaders.pak
pak DIR EXTRACT: shaders/hwscripts/declarations/cgpshaders/cgrcbump_diffspec_singlelight_atten_glossalpha_envlight.crycg <- FCData/Shaders.pak
pak DIR EXTRACT: shaders/hwscripts/declarations/cgpshaders/cgrcbump_diffspec_singlelight_atten_glossalpha_envlight_powerglossalpha_ps20.crycg <- FCData/Shaders.pak
pak DIR EXTRACT: shaders/hwscripts/declarations/cgpshaders/cgrcbump_diffspec_singlelight_atten_glossalpha_envlight_ps20.crycg <- FCData/Shaders.pak
pak DIR EXTRACT: shaders/hwscripts/declarations/cgpshaders/cgrcbump_diffspec_singlelight_atten_glossalpha_powerglossalpha_ps20.crycg <- FCData/Shaders.pak
pak DIR EXTRACT: shaders/hwscripts/declarations/cgpshaders/cgrcbump_diffspec_singlelight_atten_glossalpha_ps20.crycg <- FCData/Shaders.pak
pak DIR EXTRACT: shaders/hwscripts/declarations/cgpshaders/cgrcbump_diffspec_singlelight_atten_gloss_envcm.crycg <- FCData/Shaders.pak
pak DIR EXTRACT: shaders/hwscripts/declarations/cgpshaders/cgrcbump_diffspec_singlelight_atten_gloss_envcmspec_powerglossalpha_ps20.crycg <- FCData/Shaders.pak
pak DIR EXTRACT: shaders/hwscripts/declarations/cgpshaders/cgrcbump_diffspec_singlelight_atten_gloss_envcmspec_ps20.crycg <- FCData/Shaders.pak
pak DIR EXTRACT: shaders/hwscripts/declarations/cgpshaders/cgrcbump_diffspec_singlelight_atten_gloss_envcm_powerglossalpha_ps20.crycg <- FCData/Shaders.pak
pak DIR EXTRACT: shaders/hwscripts/declarations/cgpshaders/cgrcbump_diffspec_singlelight_atten_gloss_envcm_ps20.crycg <- FCData/Shaders.pak
pak DIR EXTRACT: shaders/hwscripts/declarations/cgpshaders/cgrcbump_diffspec_singlelight_atten_gloss_envlight.crycg <- FCData/Shaders.pak
pak DIR EXTRACT: shaders/hwscripts/declarations/cgpshaders/cgrcbump_diffspec_singlelight_atten_gloss_envlight_powerglossalpha_ps20.crycg <- FCData/Shaders.pak
pak DIR EXTRACT: shaders/hwscripts/declarations/cgpshaders/cgrcbump_diffspec_singlelight_atten_gloss_envlight_ps20.crycg <- FCData/Shaders.pak
pak DIR EXTRACT: shaders/hwscripts/declarations/cgpshaders/cgrcbump_diffspec_singlelight_atten_gloss_powerglossalpha_ps20.crycg <- FCData/Shaders.pak
pak DIR EXTRACT: shaders/hwscripts/declarations/cgpshaders/cgrcbump_diffspec_singlelight_atten_gloss_ps20.crycg <- FCData/Shaders.pak
pak DIR EXTRACT: shaders/hwscripts/declarations/cgpshaders/cgrcbump_diffspec_singlelight_atten_powerglossalpha_ps20.crycg <- FCData/Shaders.pak
pak DIR EXTRACT: shaders/hwscripts/declarations/cgpshaders/cgrcbump_diffspec_singlelight_atten_ps20.crycg <- FCData/Shaders.pak
pak DIR EXTRACT: shaders/hwscripts/declarations/cgpshaders/cgrcbump_diffspec_singlelight_envcm.crycg <- FCData/Shaders.pak
pak DIR EXTRACT: shaders/hwscripts/declarations/cgpshaders/cgrcbump_diffspec_singlelight_envcmspec_powerglossalpha_ps20.crycg <- FCData/Shaders.pak
pak DIR EXTRACT: shaders/hwscripts/declarations/cgpshaders/cgrcbump_diffspec_singlelight_envcmspec_ps20.crycg <- FCData/Shaders.pak
pak DIR EXTRACT: shaders/hwscripts/declarations/cgpshaders/cgrcbump_diffspec_singlelight_envcm_powerglossalpha_ps20.crycg <- FCData/Shaders.pak
pak DIR EXTRACT: shaders/hwscripts/declarations/cgpshaders/cgrcbump_diffspec_singlelight_envcm_ps20.crycg <- FCData/Shaders.pak
pak DIR EXTRACT: shaders/hwscripts/declarations/cgpshaders/cgrcbump_diffspec_singlelight_envlight.crycg <- FCData/Shaders.pak
pak DIR EXTRACT: shaders/hwscripts/declarations/cgpshaders/cgrcbump_diffspec_singlelight_envlight_powerglossalpha_ps20.crycg <- FCData/Shaders.pak
pak DIR EXTRACT: shaders/hwscripts/declarations/cgpshaders/cgrcbump_diffspec_singlelight_envlight_ps20.crycg <- FCData/Shaders.pak
pak DIR EXTRACT: shaders/hwscripts/declarations/cgpshaders/cgrcbump_diffspec_singlelight_glitter_ps20.crycg <- FCData/Shaders.pak
pak DIR EXTRACT: shaders/hwscripts/declarations/cgpshaders/cgrcbump_diffspec_singlelight_gloss.crycg <- FCData/Shaders.pak
pak DIR EXTRACT: shaders/hwscripts/declarations/cgpshaders/cgrcbump_diffspec_singlelight_glossalpha.crycg <- FCData/Shaders.pak
pak DIR EXTRACT: shaders/hwscripts/declarations/cgpshaders/cgrcbump_diffspec_singlelight_glossalpha_envcm.crycg <- FCData/Shaders.pak
pak DIR EXTRACT: shaders/hwscripts/declarations/cgpshaders/cgrcbump_diffspec_singlelight_glossalpha_envcmspec_powerglossalpha_ps20.crycg <- FCData/Shaders.pak
pak DIR EXTRACT: shaders/hwscripts/declarations/cgpshaders/cgrcbump_diffspec_singlelight_glossalpha_envcmspec_ps20.crycg <- FCData/Shaders.pak
pak DIR EXTRACT: shaders/hwscripts/declarations/cgpshaders/cgrcbump_diffspec_singlelight_glossalpha_envcm_powerglossalpha_ps20.crycg <- FCData/Shaders.pak
pak DIR EXTRACT: shaders/hwscripts/declarations/cgpshaders/cgrcbump_diffspec_singlelight_glossalpha_envcm_ps20.crycg <- FCData/Shaders.pak
pak DIR EXTRACT: shaders/hwscripts/declarations/cgpshaders/cgrcbump_diffspec_singlelight_glossalpha_envlight.crycg <- FCData/Shaders.pak
pak DIR EXTRACT: shaders/hwscripts/declarations/cgpshaders/cgrcbump_diffspec_singlelight_glossalpha_envlight_powerglossalpha_ps20.crycg <- FCData/Shaders.pak
pak DIR EXTRACT: shaders/hwscripts/declarations/cgpshaders/cgrcbump_diffspec_singlelight_glossalpha_envlight_ps20.crycg <- FCData/Shaders.pak
pak DIR EXTRACT: shaders/hwscripts/declarations/cgpshaders/cgrcbump_diffspec_singlelight_glossalpha_powerglossalpha_ps20.crycg <- FCData/Shaders.pak
pak DIR EXTRACT: shaders/hwscripts/declarations/cgpshaders/cgrcbump_diffspec_singlelight_glossalpha_ps20.crycg <- FCData/Shaders.pak
pak DIR EXTRACT: shaders/hwscripts/declarations/cgpshaders/cgrcbump_diffspec_singlelight_gloss_envcm.crycg <- FCData/Shaders.pak
pak DIR EXTRACT: shaders/hwscripts/declarations/cgpshaders/cgrcbump_diffspec_singlelight_gloss_envcmspec_powerglossalpha_ps20.crycg <- FCData/Shaders.pak
pak DIR EXTRACT: shaders/hwscripts/declarations/cgpshaders/cgrcbump_diffspec_singlelight_gloss_envcmspec_ps20.crycg <- FCData/Shaders.pak
pak DIR EXTRACT: shaders/hwscripts/declarations/cgpshaders/cgrcbump_diffspec_singlelight_gloss_envcm_powerglossalpha_ps20.crycg <- FCData/Shaders.pak
pak DIR EXTRACT: shaders/hwscripts/declarations/cgpshaders/cgrcbump_diffspec_singlelight_gloss_envcm_ps20.crycg <- FCData/Shaders.pak
pak DIR EXTRACT: shaders/hwscripts/declarations/cgpshaders/cgrcbump_diffspec_singlelight_gloss_envlight.crycg <- FCData/Shaders.pak
pak DIR EXTRACT: shaders/hwscripts/declarations/cgpshaders/cgrcbump_diffspec_singlelight_gloss_envlight_powerglossalpha_ps20.crycg <- FCData/Shaders.pak
pak DIR EXTRACT: shaders/hwscripts/declarations/cgpshaders/cgrcbump_diffspec_singlelight_gloss_envlight_ps20.crycg <- FCData/Shaders.pak
pak DIR EXTRACT: shaders/hwscripts/declarations/cgpshaders/cgrcbump_diffspec_singlelight_gloss_powerglossalpha_ps20.crycg <- FCData/Shaders.pak
pak DIR EXTRACT: shaders/hwscripts/declarations/cgpshaders/cgrcbump_diffspec_singlelight_gloss_ps20.crycg <- FCData/Shaders.pak
pak DIR EXTRACT: shaders/hwscripts/declarations/cgpshaders/cgrcbump_diffspec_singlelight_hp_atten.crycg <- FCData/Shaders.pak
pak DIR EXTRACT: shaders/hwscripts/declarations/cgpshaders/cgrcbump_diffspec_singlelight_hp_atten_envcm.crycg <- FCData/Shaders.pak
pak DIR EXTRACT: shaders/hwscripts/declarations/cgpshaders/cgrcbump_diffspec_singlelight_hp_atten_envlight.crycg <- FCData/Shaders.pak
pak DIR EXTRACT: shaders/hwscripts/declarations/cgpshaders/cgrcbump_diffspec_singlelight_hp_atten_glossalpha.crycg <- FCData/Shaders.pak
pak DIR EXTRACT: shaders/hwscripts/declarations/cgpshaders/cgrcbump_diffspec_singlelight_hp_atten_glossalpha_envcm.crycg <- FCData/Shaders.pak
pak DIR EXTRACT: shaders/hwscripts/declarations/cgpshaders/cgrcbump_diffspec_singlelight_hp_atten_glossalpha_envlight.crycg <- FCData/Shaders.pak
pak DIR EXTRACT: shaders/hwscripts/declarations/cgpshaders/cgrcbump_diffspec_singlelight_hp_noatten.crycg <- FCData/Shaders.pak
pak DIR EXTRACT: shaders/hwscripts/declarations/cgpshaders/cgrcbump_diffspec_singlelight_hp_noatten_envcm.crycg <- FCData/Shaders.pak
pak DIR EXTRACT: shaders/hwscripts/declarations/cgpshaders/cgrcbump_diffspec_singlelight_hp_noatten_envlight.crycg <- FCData/Shaders.pak
pak DIR EXTRACT: shaders/hwscripts/declarations/cgpshaders/cgrcbump_diffspec_singlelight_hp_noatten_glossalpha.crycg <- FCData/Shaders.pak
pak DIR EXTRACT: shaders/hwscripts/declarations/cgpshaders/cgrcbump_diffspec_singlelight_hp_noatten_glossalpha_envcm.crycg <- FCData/Shaders.pak
pak DIR EXTRACT: shaders/hwscripts/declarations/cgpshaders/cgrcbump_diffspec_singlelight_hp_noatten_glossalpha_envlight.crycg <- FCData/Shaders.pak
pak DIR EXTRACT: shaders/hwscripts/declarations/cgpshaders/cgrcbump_diffspec_singlelight_hp_projnoatten.crycg <- FCData/Shaders.pak
pak DIR EXTRACT: shaders/hwscripts/declarations/cgpshaders/cgrcbump_diffspec_singlelight_hp_projnoatten_envcm.crycg <- FCData/Shaders.pak
pak DIR EXTRACT: shaders/hwscripts/declarations/cgpshaders/cgrcbump_diffspec_singlelight_hp_projnoatten_envlight.crycg <- FCData/Shaders.pak
pak DIR EXTRACT: shaders/hwscripts/declarations/cgpshaders/cgrcbump_diffspec_singlelight_hp_projnoatten_glossalpha.crycg <- FCData/Shaders.pak
pak DIR EXTRACT: shaders/hwscripts/declarations/cgpshaders/cgrcbump_diffspec_singlelight_hp_projnoatten_glossalpha_envcm.crycg <- FCData/Shaders.pak
pak DIR EXTRACT: shaders/hwscripts/declarations/cgpshaders/cgrcbump_diffspec_singlelight_hp_projnoatten_glossalpha_envlight.crycg <- FCData/Shaders.pak
pak DIR EXTRACT: shaders/hwscripts/declarations/cgpshaders/cgrcbump_diffspec_singlelight_powerglossalpha_ps20.crycg <- FCData/Shaders.pak
pak DIR EXTRACT: shaders/hwscripts/declarations/cgpshaders/cgrcbump_diffspec_singlelight_proj.crycg <- FCData/Shaders.pak
pak DIR EXTRACT: shaders/hwscripts/declarations/cgpshaders/cgrcbump_diffspec_singlelight_projatten_envcm_ps20.crycg <- FCData/Shaders.pak
pak DIR EXTRACT: shaders/hwscripts/declarations/cgpshaders/cgrcbump_diffspec_singlelight_projatten_envlight_ps20.crycg <- FCData/Shaders.pak
pak DIR EXTRACT: shaders/hwscripts/declarations/cgpshaders/cgrcbump_diffspec_singlelight_projatten_glossalpha_envcm_ps20.crycg <- FCData/Shaders.pak
pak DIR EXTRACT: shaders/hwscripts/declarations/cgpshaders/cgrcbump_diffspec_singlelight_projatten_glossalpha_envlight_ps20.crycg <- FCData/Shaders.pak
pak DIR EXTRACT: shaders/hwscripts/declarations/cgpshaders/cgrcbump_diffspec_singlelight_projatten_glossalpha_ps20.crycg <- FCData/Shaders.pak
pak DIR EXTRACT: shaders/hwscripts/declarations/cgpshaders/cgrcbump_diffspec_singlelight_projatten_gloss_envcm_ps20.crycg <- FCData/Shaders.pak
pak DIR EXTRACT: shaders/hwscripts/declarations/cgpshaders/cgrcbump_diffspec_singlelight_projatten_gloss_envlight_ps20.crycg <- FCData/Shaders.pak
pak DIR EXTRACT: shaders/hwscripts/declarations/cgpshaders/cgrcbump_diffspec_singlelight_projatten_gloss_ps20.crycg <- FCData/Shaders.pak
pak DIR EXTRACT: shaders/hwscripts/declarations/cgpshaders/cgrcbump_diffspec_singlelight_projatten_ps20.crycg <- FCData/Shaders.pak
pak DIR EXTRACT: shaders/hwscripts/declarations/cgpshaders/cgrcbump_diffspec_singlelight_proj_envcm.crycg <- FCData/Shaders.pak
pak DIR EXTRACT: shaders/hwscripts/declarations/cgpshaders/cgrcbump_diffspec_singlelight_proj_envcmspec_powerglossalpha_ps20.crycg <- FCData/Shaders.pak
pak DIR EXTRACT: shaders/hwscripts/declarations/cgpshaders/cgrcbump_diffspec_singlelight_proj_envcmspec_ps20.crycg <- FCData/Shaders.pak
pak DIR EXTRACT: shaders/hwscripts/declarations/cgpshaders/cgrcbump_diffspec_singlelight_proj_envcm_powerglossalpha_ps20.crycg <- FCData/Shaders.pak
pak DIR EXTRACT: shaders/hwscripts/declarations/cgpshaders/cgrcbump_diffspec_singlelight_proj_envcm_ps20.crycg <- FCData/Shaders.pak
pak DIR EXTRACT: shaders/hwscripts/declarations/cgpshaders/cgrcbump_diffspec_singlelight_proj_envlight.crycg <- FCData/Shaders.pak
pak DIR EXTRACT: shaders/hwscripts/declarations/cgpshaders/cgrcbump_diffspec_singlelight_proj_envlight_powerglossalpha_ps20.crycg <- FCData/Shaders.pak
pak DIR EXTRACT: shaders/hwscripts/declarations/cgpshaders/cgrcbump_diffspec_singlelight_proj_envlight_ps20.crycg <- FCData/Shaders.pak
pak DIR EXTRACT: shaders/hwscripts/declarations/cgpshaders/cgrcbump_diffspec_singlelight_proj_gloss.crycg <- FCData/Shaders.pak
pak DIR EXTRACT: shaders/hwscripts/declarations/cgpshaders/cgrcbump_diffspec_singlelight_proj_glossalpha.crycg <- FCData/Shaders.pak
pak DIR EXTRACT: shaders/hwscripts/declarations/cgpshaders/cgrcbump_diffspec_singlelight_proj_glossalpha_envcm.crycg <- FCData/Shaders.pak
pak DIR EXTRACT: shaders/hwscripts/declarations/cgpshaders/cgrcbump_diffspec_singlelight_proj_glossalpha_envcmspec_powerglossalpha_ps20.crycg <- FCData/Shaders.pak
pak DIR EXTRACT: shaders/hwscripts/declarations/cgpshaders/cgrcbump_diffspec_singlelight_proj_glossalpha_envcmspec_ps20.crycg <- FCData/Shaders.pak
pak DIR EXTRACT: shaders/hwscripts/declarations/cgpshaders/cgrcbump_diffspec_singlelight_proj_glossalpha_envcm_powerglossalpha_ps20.crycg <- FCData/Shaders.pak
pak DIR EXTRACT: shaders/hwscripts/declarations/cgpshaders/cgrcbump_diffspec_singlelight_proj_glossalpha_envcm_ps20.crycg <- FCData/Shaders.pak
pak DIR EXTRACT: shaders/hwscripts/declarations/cgpshaders/cgrcbump_diffspec_singlelight_proj_glossalpha_envlight.crycg <- FCData/Shaders.pak
pak DIR EXTRACT: shaders/hwscripts/declarations/cgpshaders/cgrcbump_diffspec_singlelight_proj_glossalpha_envlight_powerglossalpha_ps20.crycg <- FCData/Shaders.pak
pak DIR EXTRACT: shaders/hwscripts/declarations/cgpshaders/cgrcbump_diffspec_singlelight_proj_glossalpha_envlight_ps20.crycg <- FCData/Shaders.pak
pak DIR EXTRACT: shaders/hwscripts/declarations/cgpshaders/cgrcbump_diffspec_singlelight_proj_glossalpha_powerglossalpha_ps20.crycg <- FCData/Shaders.pak
pak DIR EXTRACT: shaders/hwscripts/declarations/cgpshaders/cgrcbump_diffspec_singlelight_proj_glossalpha_ps20.crycg <- FCData/Shaders.pak
pak DIR EXTRACT: shaders/hwscripts/declarations/cgpshaders/cgrcbump_diffspec_singlelight_proj_gloss_envcm.crycg <- FCData/Shaders.pak
pak DIR EXTRACT: shaders/hwscripts/declarations/cgpshaders/cgrcbump_diffspec_singlelight_proj_gloss_envcmspec_powerglossalpha_ps20.crycg <- FCData/Shaders.pak
pak DIR EXTRACT: shaders/hwscripts/declarations/cgpshaders/cgrcbump_diffspec_singlelight_proj_gloss_envcmspec_ps20.crycg <- FCData/Shaders.pak
pak DIR EXTRACT: shaders/hwscripts/declarations/cgpshaders/cgrcbump_diffspec_singlelight_proj_gloss_envcm_powerglossalpha_ps20.crycg <- FCData/Shaders.pak
pak DIR EXTRACT: shaders/hwscripts/declarations/cgpshaders/cgrcbump_diffspec_singlelight_proj_gloss_envcm_ps20.crycg <- FCData/Shaders.pak
pak DIR EXTRACT: shaders/hwscripts/declarations/cgpshaders/cgrcbump_diffspec_singlelight_proj_gloss_envlight.crycg <- FCData/Shaders.pak
pak DIR EXTRACT: shaders/hwscripts/declarations/cgpshaders/cgrcbump_diffspec_singlelight_proj_gloss_envlight_powerglossalpha_ps20.crycg <- FCData/Shaders.pak
pak DIR EXTRACT: shaders/hwscripts/declarations/cgpshaders/cgrcbump_diffspec_singlelight_proj_gloss_envlight_ps20.crycg <- FCData/Shaders.pak
pak DIR EXTRACT: shaders/hwscripts/declarations/cgpshaders/cgrcbump_diffspec_singlelight_proj_gloss_powerglossalpha_ps20.crycg <- FCData/Shaders.pak
pak DIR EXTRACT: shaders/hwscripts/declarations/cgpshaders/cgrcbump_diffspec_singlelight_proj_gloss_ps20.crycg <- FCData/Shaders.pak
pak DIR EXTRACT: shaders/hwscripts/declarations/cgpshaders/cgrcbump_diffspec_singlelight_proj_powerglossalpha_ps20.crycg <- FCData/Shaders.pak
pak DIR EXTRACT: shaders/hwscripts/declarations/cgpshaders/cgrcbump_diffspec_singlelight_proj_ps20.crycg <- FCData/Shaders.pak
pak DIR EXTRACT: shaders/hwscripts/declarations/cgpshaders/cgrcbump_diffspec_singlelight_ps.crycg <- FCData/Shaders.pak
pak DIR EXTRACT: shaders/hwscripts/declarations/cgpshaders/cgrcbump_diffspec_singlelight_ps20.crycg <- FCData/Shaders.pak
pak DIR EXTRACT: shaders/hwscripts/declarations/cgpshaders/cgrcbump_diff_atten.crycg <- FCData/Shaders.pak
pak DIR EXTRACT: shaders/hwscripts/declarations/cgpshaders/cgrcbump_diff_multiplelights_atten_ps20.crycg <- FCData/Shaders.pak
pak DIR EXTRACT: shaders/hwscripts/declarations/cgpshaders/cgrcbump_diff_multiplelights_proj_ps20.crycg <- FCData/Shaders.pak
pak DIR EXTRACT: shaders/hwscripts/declarations/cgpshaders/cgrcbump_diff_multiplelights_ps20.crycg <- FCData/Shaders.pak
pak DIR EXTRACT: shaders/hwscripts/declarations/cgpshaders/cgrcbump_diff_proj.crycg <- FCData/Shaders.pak
pak DIR EXTRACT: shaders/hwscripts/declarations/cgpshaders/cgrcbump_diff_projatten_ps20.crycg <- FCData/Shaders.pak
pak DIR EXTRACT: shaders/hwscripts/declarations/cgpshaders/cgrcbump_diff_projsinglelight_alphaglow.crycg <- FCData/Shaders.pak
pak DIR EXTRACT: shaders/hwscripts/declarations/cgpshaders/cgrcbump_diff_projsinglelight_alphaglow_envcm.crycg <- FCData/Shaders.pak
pak DIR EXTRACT: shaders/hwscripts/declarations/cgpshaders/cgrcbump_diff_projsinglelight_alphaglow_envlight.crycg <- FCData/Shaders.pak
pak DIR EXTRACT: shaders/hwscripts/declarations/cgpshaders/cgrcbump_diff_projsinglelight_atten_envcm_ps20.crycg <- FCData/Shaders.pak
pak DIR EXTRACT: shaders/hwscripts/declarations/cgpshaders/cgrcbump_diff_projsinglelight_atten_envlight_ps20.crycg <- FCData/Shaders.pak
pak DIR EXTRACT: shaders/hwscripts/declarations/cgpshaders/cgrcbump_diff_projsinglelight_atten_ps20.crycg <- FCData/Shaders.pak
pak DIR EXTRACT: shaders/hwscripts/declarations/cgpshaders/cgrcbump_diff_projsinglelight_noatten.crycg <- FCData/Shaders.pak
pak DIR EXTRACT: shaders/hwscripts/declarations/cgpshaders/cgrcbump_diff_projsinglelight_noatten_envcm.crycg <- FCData/Shaders.pak
pak DIR EXTRACT: shaders/hwscripts/declarations/cgpshaders/cgrcbump_diff_projsinglelight_noatten_envlight.crycg <- FCData/Shaders.pak
pak DIR EXTRACT: shaders/hwscripts/declarations/cgpshaders/cgrcbump_diff_projsinglelight_plants.crycg <- FCData/Shaders.pak
pak DIR EXTRACT: shaders/hwscripts/declarations/cgpshaders/cgrcbump_diff_projsinglelight_plants_bump.crycg <- FCData/Shaders.pak
pak DIR EXTRACT: shaders/hwscripts/declarations/cgpshaders/cgrcbump_diff_projsinglelight_plants_mult.crycg <- FCData/Shaders.pak
pak DIR EXTRACT: shaders/hwscripts/declarations/cgpshaders/cgrcbump_diff_projsinglelight_vertatten.crycg <- FCData/Shaders.pak
pak DIR EXTRACT: shaders/hwscripts/declarations/cgpshaders/cgrcbump_diff_projsinglelight_vertlight_plants.crycg <- FCData/Shaders.pak
pak DIR EXTRACT: shaders/hwscripts/declarations/cgpshaders/cgrcbump_diff_projsinglelight_vertlight_plants_bump.crycg <- FCData/Shaders.pak
pak DIR EXTRACT: shaders/hwscripts/declarations/cgpshaders/cgrcbump_diff_projsinglelight_vertlight_plants_mult.crycg <- FCData/Shaders.pak
pak DIR EXTRACT: shaders/hwscripts/declarations/cgpshaders/cgrcbump_diff_proj_vertatten.crycg <- FCData/Shaders.pak
pak DIR EXTRACT: shaders/hwscripts/declarations/cgpshaders/cgrcbump_diff_singlelight.crycg <- FCData/Shaders.pak
pak DIR EXTRACT: shaders/hwscripts/declarations/cgpshaders/cgrcbump_diff_singlelight_alphaglow.crycg <- FCData/Shaders.pak
pak DIR EXTRACT: shaders/hwscripts/declarations/cgpshaders/cgrcbump_diff_singlelight_alphaglow_envcm.crycg <- FCData/Shaders.pak
pak DIR EXTRACT: shaders/hwscripts/declarations/cgpshaders/cgrcbump_diff_singlelight_alphaglow_envlight.crycg <- FCData/Shaders.pak
pak DIR EXTRACT: shaders/hwscripts/declarations/cgpshaders/cgrcbump_diff_singlelight_atten.crycg <- FCData/Shaders.pak
pak DIR EXTRACT: shaders/hwscripts/declarations/cgpshaders/cgrcbump_diff_singlelight_atten_alphaglow.crycg <- FCData/Shaders.pak
pak DIR EXTRACT: shaders/hwscripts/declarations/cgpshaders/cgrcbump_diff_singlelight_atten_alphaglow_envcm.crycg <- FCData/Shaders.pak
pak DIR EXTRACT: shaders/hwscripts/declarations/cgpshaders/cgrcbump_diff_singlelight_atten_alphaglow_envlight.crycg <- FCData/Shaders.pak
pak DIR EXTRACT: shaders/hwscripts/declarations/cgpshaders/cgrcbump_diff_singlelight_atten_envcm.crycg <- FCData/Shaders.pak
pak DIR EXTRACT: shaders/hwscripts/declarations/cgpshaders/cgrcbump_diff_singlelight_atten_envcmspec_ps20.crycg <- FCData/Shaders.pak
pak DIR EXTRACT: shaders/hwscripts/declarations/cgpshaders/cgrcbump_diff_singlelight_atten_envcm_ps20.crycg <- FCData/Shaders.pak
pak DIR EXTRACT: shaders/hwscripts/declarations/cgpshaders/cgrcbump_diff_singlelight_atten_envlight.crycg <- FCData/Shaders.pak
pak DIR EXTRACT: shaders/hwscripts/declarations/cgpshaders/cgrcbump_diff_singlelight_atten_glossalpha_envcmspec_ps20.crycg <- FCData/Shaders.pak
pak DIR EXTRACT: shaders/hwscripts/declarations/cgpshaders/cgrcbump_diff_singlelight_atten_gloss_envcmspec_ps20.crycg <- FCData/Shaders.pak
pak DIR EXTRACT: shaders/hwscripts/declarations/cgpshaders/cgrcbump_diff_singlelight_atten_plants.crycg <- FCData/Shaders.pak
pak DIR EXTRACT: shaders/hwscripts/declarations/cgpshaders/cgrcbump_diff_singlelight_atten_plants_bump.crycg <- FCData/Shaders.pak
pak DIR EXTRACT: shaders/hwscripts/declarations/cgpshaders/cgrcbump_diff_singlelight_atten_plants_mult.crycg <- FCData/Shaders.pak
pak DIR EXTRACT: shaders/hwscripts/declarations/cgpshaders/cgrcbump_diff_singlelight_envcm.crycg <- FCData/Shaders.pak
pak DIR EXTRACT: shaders/hwscripts/declarations/cgpshaders/cgrcbump_diff_singlelight_envcmspec_ps20.crycg <- FCData/Shaders.pak
pak DIR EXTRACT: shaders/hwscripts/declarations/cgpshaders/cgrcbump_diff_singlelight_envlight.crycg <- FCData/Shaders.pak
pak DIR EXTRACT: shaders/hwscripts/declarations/cgpshaders/cgrcbump_diff_singlelight_glossalpha_envcmspec_ps20.crycg <- FCData/Shaders.pak
pak DIR EXTRACT: shaders/hwscripts/declarations/cgpshaders/cgrcbump_diff_singlelight_gloss_envcmspec_ps20.crycg <- FCData/Shaders.pak
pak DIR EXTRACT: shaders/hwscripts/declarations/cgpshaders/cgrcbump_diff_singlelight_plants.crycg <- FCData/Shaders.pak
pak DIR EXTRACT: shaders/hwscripts/declarations/cgpshaders/cgrcbump_diff_singlelight_plants_mult.crycg <- FCData/Shaders.pak
pak DIR EXTRACT: shaders/hwscripts/declarations/cgpshaders/cgrcbump_diff_singlelight_proj_envcmspec_ps20.crycg <- FCData/Shaders.pak
pak DIR EXTRACT: shaders/hwscripts/declarations/cgpshaders/cgrcbump_diff_singlelight_proj_glossalpha_envcmspec_ps20.crycg <- FCData/Shaders.pak
pak DIR EXTRACT: shaders/hwscripts/declarations/cgpshaders/cgrcbump_diff_singlelight_proj_gloss_envcmspec_ps20.crycg <- FCData/Shaders.pak
pak DIR EXTRACT: shaders/hwscripts/declarations/cgpshaders/cgrcbump_dot3_terrain.crycg <- FCData/Shaders.pak
pak DIR EXTRACT: shaders/hwscripts/declarations/cgpshaders/cgrcbump_dot3_terrain_spec.crycg <- FCData/Shaders.pak
pak DIR EXTRACT: shaders/hwscripts/declarations/cgpshaders/cgrcbump_refllight.crycg <- FCData/Shaders.pak
pak DIR EXTRACT: shaders/hwscripts/declarations/cgpshaders/cgrcbump_refllight_overlay.crycg <- FCData/Shaders.pak
pak DIR EXTRACT: shaders/hwscripts/declarations/cgpshaders/cgrcbump_spec.crycg <- FCData/Shaders.pak
pak DIR EXTRACT: shaders/hwscripts/declarations/cgpshaders/cgrcbump_specgloss.crycg <- FCData/Shaders.pak
pak DIR EXTRACT: shaders/hwscripts/declarations/cgpshaders/cgrcbump_specgloss_atten.crycg <- FCData/Shaders.pak
pak DIR EXTRACT: shaders/hwscripts/declarations/cgpshaders/cgrcbump_specgloss_atten_ps20.crycg <- FCData/Shaders.pak
pak DIR EXTRACT: shaders/hwscripts/declarations/cgpshaders/cgrcbump_specgloss_proj.crycg <- FCData/Shaders.pak
pak DIR EXTRACT: shaders/hwscripts/declarations/cgpshaders/cgrcbump_specgloss_projatten_ps20.crycg <- FCData/Shaders.pak
pak DIR EXTRACT: shaders/hwscripts/declarations/cgpshaders/cgrcbump_specgloss_proj_ps20.crycg <- FCData/Shaders.pak
pak DIR EXTRACT: shaders/hwscripts/declarations/cgpshaders/cgrcbump_specgloss_ps20.crycg <- FCData/Shaders.pak
pak DIR EXTRACT: shaders/hwscripts/declarations/cgpshaders/cgrcbump_spec_atten.crycg <- FCData/Shaders.pak
pak DIR EXTRACT: shaders/hwscripts/declarations/cgpshaders/cgrcbump_spec_atten_glossalpha.crycg <- FCData/Shaders.pak
pak DIR EXTRACT: shaders/hwscripts/declarations/cgpshaders/cgrcbump_spec_atten_glossalpha_powerglossalpha_ps20.crycg <- FCData/Shaders.pak
pak DIR EXTRACT: shaders/hwscripts/declarations/cgpshaders/cgrcbump_spec_atten_glossalpha_ps20.crycg <- FCData/Shaders.pak
pak DIR EXTRACT: shaders/hwscripts/declarations/cgpshaders/cgrcbump_spec_atten_gloss_powerglossalpha_ps20.crycg <- FCData/Shaders.pak
pak DIR EXTRACT: shaders/hwscripts/declarations/cgpshaders/cgrcbump_spec_atten_powerglossalpha_ps20.crycg <- FCData/Shaders.pak
pak DIR EXTRACT: shaders/hwscripts/declarations/cgpshaders/cgrcbump_spec_atten_ps20.crycg <- FCData/Shaders.pak
pak DIR EXTRACT: shaders/hwscripts/declarations/cgpshaders/cgrcbump_spec_glossalpha.crycg <- FCData/Shaders.pak
pak DIR EXTRACT: shaders/hwscripts/declarations/cgpshaders/cgrcbump_spec_glossalpha_powerglossalpha_ps20.crycg <- FCData/Shaders.pak
pak DIR EXTRACT: shaders/hwscripts/declarations/cgpshaders/cgrcbump_spec_glossalpha_ps20.crycg <- FCData/Shaders.pak
pak DIR EXTRACT: shaders/hwscripts/declarations/cgpshaders/cgrcbump_spec_gloss_powerglossalpha_ps20.crycg <- FCData/Shaders.pak
pak DIR EXTRACT: shaders/hwscripts/declarations/cgpshaders/cgrcbump_spec_multiplelights_hp_atten.crycg <- FCData/Shaders.pak
pak DIR EXTRACT: shaders/hwscripts/declarations/cgpshaders/cgrcbump_spec_multiplelights_hp_atten_glossalpha.crycg <- FCData/Shaders.pak
pak DIR EXTRACT: shaders/hwscripts/declarations/cgpshaders/cgrcbump_spec_multiplelights_hp_noatten.crycg <- FCData/Shaders.pak
pak DIR EXTRACT: shaders/hwscripts/declarations/cgpshaders/cgrcbump_spec_multiplelights_hp_noatten_glossalpha.crycg <- FCData/Shaders.pak
pak DIR EXTRACT: shaders/hwscripts/declarations/cgpshaders/cgrcbump_spec_multiplelights_hp_projnoatten.crycg <- FCData/Shaders.pak
pak DIR EXTRACT: shaders/hwscripts/declarations/cgpshaders/cgrcbump_spec_multiplelights_hp_projnoatten_glossalpha.crycg <- FCData/Shaders.pak
pak DIR EXTRACT: shaders/hwscripts/declarations/cgpshaders/cgrcbump_spec_powerglossalpha_ps20.crycg <- FCData/Shaders.pak
pak DIR EXTRACT: shaders/hwscripts/declarations/cgpshaders/cgrcbump_spec_proj.crycg <- FCData/Shaders.pak
pak DIR EXTRACT: shaders/hwscripts/declarations/cgpshaders/cgrcbump_spec_projatten_glossalpha_ps20.crycg <- FCData/Shaders.pak
pak DIR EXTRACT: shaders/hwscripts/declarations/cgpshaders/cgrcbump_spec_projatten_ps20.crycg <- FCData/Shaders.pak
pak DIR EXTRACT: shaders/hwscripts/declarations/cgpshaders/cgrcbump_spec_proj_glossalpha.crycg <- FCData/Shaders.pak
pak DIR EXTRACT: shaders/hwscripts/declarations/cgpshaders/cgrcbump_spec_proj_glossalpha_powerglossalpha_ps20.crycg <- FCData/Shaders.pak
pak DIR EXTRACT: shaders/hwscripts/declarations/cgpshaders/cgrcbump_spec_proj_glossalpha_ps20.crycg <- FCData/Shaders.pak
pak DIR EXTRACT: shaders/hwscripts/declarations/cgpshaders/cgrcbump_spec_proj_gloss_powerglossalpha_ps20.crycg <- FCData/Shaders.pak
pak DIR EXTRACT: shaders/hwscripts/declarations/cgpshaders/cgrcbump_spec_proj_powerglossalpha_ps20.crycg <- FCData/Shaders.pak
pak DIR EXTRACT: shaders/hwscripts/declarations/cgpshaders/cgrcbump_spec_proj_ps20.crycg <- FCData/Shaders.pak
pak DIR EXTRACT: shaders/hwscripts/declarations/cgpshaders/cgrcbump_spec_ps20.crycg <- FCData/Shaders.pak
pak DIR EXTRACT: shaders/hwscripts/declarations/cgpshaders/cgrccartoon.crycg <- FCData/Shaders.pak
pak DIR EXTRACT: shaders/hwscripts/declarations/cgpshaders/cgrccartoonsilhouete.crycg <- FCData/Shaders.pak
pak DIR EXTRACT: shaders/hwscripts/declarations/cgpshaders/cgrccaust.crycg <- FCData/Shaders.pak
pak DIR EXTRACT: shaders/hwscripts/declarations/cgpshaders/cgrccolorcontrast.crycg <- FCData/Shaders.pak
pak DIR EXTRACT: shaders/hwscripts/declarations/cgpshaders/cgrccolortransfer.crycg <- FCData/Shaders.pak
pak DIR EXTRACT: shaders/hwscripts/declarations/cgpshaders/cgrcdecalopacity.crycg <- FCData/Shaders.pak
pak DIR EXTRACT: shaders/hwscripts/declarations/cgpshaders/cgrcdecal_2d_atten.crycg <- FCData/Shaders.pak
pak DIR EXTRACT: shaders/hwscripts/declarations/cgpshaders/cgrcdecal_add_col_vf.crycg <- FCData/Shaders.pak
pak DIR EXTRACT: shaders/hwscripts/declarations/cgpshaders/cgrcdecal_add_vf.crycg <- FCData/Shaders.pak
pak DIR EXTRACT: shaders/hwscripts/declarations/cgpshaders/cgrcdecal_atten.crycg <- FCData/Shaders.pak
pak DIR EXTRACT: shaders/hwscripts/declarations/cgpshaders/cgrcdecal_vf.crycg <- FCData/Shaders.pak
pak DIR EXTRACT: shaders/hwscripts/declarations/cgpshaders/cgrcdefault.crycg <- FCData/Shaders.pak
pak DIR EXTRACT: shaders/hwscripts/declarations/cgpshaders/cgrcdetailatten.crycg <- FCData/Shaders.pak
pak DIR EXTRACT: shaders/hwscripts/declarations/cgpshaders/cgrcdetailobjects.crycg <- FCData/Shaders.pak
pak DIR EXTRACT: shaders/hwscripts/declarations/cgpshaders/cgrcdetailobjects_fogvolume.crycg <- FCData/Shaders.pak
pak DIR EXTRACT: shaders/hwscripts/declarations/cgpshaders/cgrcdof.crycg <- FCData/Shaders.pak
pak DIR EXTRACT: shaders/hwscripts/declarations/cgpshaders/cgrcdoffocaldist.crycg <- FCData/Shaders.pak
pak DIR EXTRACT: shaders/hwscripts/declarations/cgpshaders/cgrcdoffocaldistnouv.crycg <- FCData/Shaders.pak
pak DIR EXTRACT: shaders/hwscripts/declarations/cgpshaders/cgrcdoffocaldistnouv_ps20.crycg <- FCData/Shaders.pak
pak DIR EXTRACT: shaders/hwscripts/declarations/cgpshaders/cgrcdoffocaldist_ps20.crycg <- FCData/Shaders.pak
pak DIR EXTRACT: shaders/hwscripts/declarations/cgpshaders/cgrceye.crycg <- FCData/Shaders.pak
pak DIR EXTRACT: shaders/hwscripts/declarations/cgpshaders/cgrcfire.crycg <- FCData/Shaders.pak
pak DIR EXTRACT: shaders/hwscripts/declarations/cgpshaders/cgrcflare.crycg <- FCData/Shaders.pak
pak DIR EXTRACT: shaders/hwscripts/declarations/cgpshaders/cgrcflashbang.crycg <- FCData/Shaders.pak
pak DIR EXTRACT: shaders/hwscripts/declarations/cgpshaders/cgrcfog.crycg <- FCData/Shaders.pak
pak DIR EXTRACT: shaders/hwscripts/declarations/cgpshaders/cgrcfogvol.crycg <- FCData/Shaders.pak
pak DIR EXTRACT: shaders/hwscripts/declarations/cgpshaders/cgrcfurtempl.crycg <- FCData/Shaders.pak
pak DIR EXTRACT: shaders/hwscripts/declarations/cgpshaders/cgrcfur_normgen.crycg <- FCData/Shaders.pak
pak DIR EXTRACT: shaders/hwscripts/declarations/cgpshaders/cgrcfur_offsgen.crycg <- FCData/Shaders.pak
pak DIR EXTRACT: shaders/hwscripts/declarations/cgpshaders/cgrcgeomrefraction.crycg <- FCData/Shaders.pak
pak DIR EXTRACT: shaders/hwscripts/declarations/cgpshaders/cgrcglare.crycg <- FCData/Shaders.pak
pak DIR EXTRACT: shaders/hwscripts/declarations/cgpshaders/cgrcglareamount.crycg <- FCData/Shaders.pak
pak DIR EXTRACT: shaders/hwscripts/declarations/cgpshaders/cgrcglaremap.crycg <- FCData/Shaders.pak
pak DIR EXTRACT: shaders/hwscripts/declarations/cgpshaders/cgrcglassdiffuse.crycg <- FCData/Shaders.pak
pak DIR EXTRACT: shaders/hwscripts/declarations/cgpshaders/cgrcglassdispersion.crycg <- FCData/Shaders.pak
pak DIR EXTRACT: shaders/hwscripts/declarations/cgpshaders/cgrcglasstex.crycg <- FCData/Shaders.pak
pak DIR EXTRACT: shaders/hwscripts/declarations/cgpshaders/cgrcglass_ps20.crycg <- FCData/Shaders.pak
pak DIR EXTRACT: shaders/hwscripts/declarations/cgpshaders/cgrcheathaze.crycg <- FCData/Shaders.pak
pak DIR EXTRACT: shaders/hwscripts/declarations/cgpshaders/cgrcheatsource.crycg <- FCData/Shaders.pak
pak DIR EXTRACT: shaders/hwscripts/declarations/cgpshaders/cgrcheatsourcedecode.crycg <- FCData/Shaders.pak
pak DIR EXTRACT: shaders/hwscripts/declarations/cgpshaders/cgrcheatsourcepass.crycg <- FCData/Shaders.pak
pak DIR EXTRACT: shaders/hwscripts/declarations/cgpshaders/cgrcheatvis.crycg <- FCData/Shaders.pak
pak DIR EXTRACT: shaders/hwscripts/declarations/cgpshaders/cgrcheat_alpha.crycg <- FCData/Shaders.pak
pak DIR EXTRACT: shaders/hwscripts/declarations/cgpshaders/cgrcheat_alpha_multiplelights.crycg <- FCData/Shaders.pak
pak DIR EXTRACT: shaders/hwscripts/declarations/cgpshaders/cgrcheat_alpha_multiplelights_atten.crycg <- FCData/Shaders.pak
pak DIR EXTRACT: shaders/hwscripts/declarations/cgpshaders/cgrcheat_alpha_multiplelights_proj.crycg <- FCData/Shaders.pak
pak DIR EXTRACT: shaders/hwscripts/declarations/cgpshaders/cgrcheat_alpha_singlelight.crycg <- FCData/Shaders.pak
pak DIR EXTRACT: shaders/hwscripts/declarations/cgpshaders/cgrcheat_alpha_singlelight_atten.crycg <- FCData/Shaders.pak
pak DIR EXTRACT: shaders/hwscripts/declarations/cgpshaders/cgrcheat_alpha_singlelight_proj.crycg <- FCData/Shaders.pak
pak DIR EXTRACT: shaders/hwscripts/declarations/cgpshaders/cgrcheat_character.crycg <- FCData/Shaders.pak
pak DIR EXTRACT: shaders/hwscripts/declarations/cgpshaders/cgrcheat_misc.crycg <- FCData/Shaders.pak
pak DIR EXTRACT: shaders/hwscripts/declarations/cgpshaders/cgrcheat_terrain.crycg <- FCData/Shaders.pak
pak DIR EXTRACT: shaders/hwscripts/declarations/cgpshaders/cgrcheat_treessprites.crycg <- FCData/Shaders.pak
pak DIR EXTRACT: shaders/hwscripts/declarations/cgpshaders/cgrchologram.crycg <- FCData/Shaders.pak
pak DIR EXTRACT: shaders/hwscripts/declarations/cgpshaders/cgrcindoorwater.crycg <- FCData/Shaders.pak
pak DIR EXTRACT: shaders/hwscripts/declarations/cgpshaders/cgrcindoorwaterspec.crycg <- FCData/Shaders.pak
pak DIR EXTRACT: shaders/hwscripts/declarations/cgpshaders/cgrcindoorwater_final.crycg <- FCData/Shaders.pak
pak DIR EXTRACT: shaders/hwscripts/declarations/cgpshaders/cgrcinvulnerability.crycg <- FCData/Shaders.pak
pak DIR EXTRACT: shaders/hwscripts/declarations/cgpshaders/cgrcinvulnerabilitymetal.crycg <- FCData/Shaders.pak
pak DIR EXTRACT: shaders/hwscripts/declarations/cgpshaders/cgrciridescence_ps20.crycg <- FCData/Shaders.pak
pak DIR EXTRACT: shaders/hwscripts/declarations/cgpshaders/cgrclava.crycg <- FCData/Shaders.pak
pak DIR EXTRACT: shaders/hwscripts/declarations/cgpshaders/cgrclighttempl.crycg <- FCData/Shaders.pak
pak DIR EXTRACT: shaders/hwscripts/declarations/cgpshaders/cgrclighttempl_ps2b.crycg <- FCData/Shaders.pak
pak DIR EXTRACT: shaders/hwscripts/declarations/cgpshaders/cgrclighttempl_ps30.crycg <- FCData/Shaders.pak
pak DIR EXTRACT: shaders/hwscripts/declarations/cgpshaders/cgrclightvol.crycg <- FCData/Shaders.pak
pak DIR EXTRACT: shaders/hwscripts/declarations/cgpshaders/cgrclight_decal_diff_projsinglelight_noatten.crycg <- FCData/Shaders.pak
pak DIR EXTRACT: shaders/hwscripts/declarations/cgpshaders/cgrclight_decal_diff_singlelight.crycg <- FCData/Shaders.pak
pak DIR EXTRACT: shaders/hwscripts/declarations/cgpshaders/cgrclight_diff.crycg <- FCData/Shaders.pak
pak DIR EXTRACT: shaders/hwscripts/declarations/cgpshaders/cgrclight_diff_alphaglow.crycg <- FCData/Shaders.pak
pak DIR EXTRACT: shaders/hwscripts/declarations/cgpshaders/cgrclight_diff_atten.crycg <- FCData/Shaders.pak
pak DIR EXTRACT: shaders/hwscripts/declarations/cgpshaders/cgrclight_diff_atten_alphaglow.crycg <- FCData/Shaders.pak
pak DIR EXTRACT: shaders/hwscripts/declarations/cgpshaders/cgrclight_diff_proj.crycg <- FCData/Shaders.pak
pak DIR EXTRACT: shaders/hwscripts/declarations/cgpshaders/cgrclight_diff_projsinglelight.crycg <- FCData/Shaders.pak
pak DIR EXTRACT: shaders/hwscripts/declarations/cgpshaders/cgrclight_diff_projsinglelight_alphaglow.crycg <- FCData/Shaders.pak
pak DIR EXTRACT: shaders/hwscripts/declarations/cgpshaders/cgrclight_diff_projsinglelight_plants.crycg <- FCData/Shaders.pak
pak DIR EXTRACT: shaders/hwscripts/declarations/cgpshaders/cgrclight_diff_projsinglelight_plants_mult.crycg <- FCData/Shaders.pak
pak DIR EXTRACT: shaders/hwscripts/declarations/cgpshaders/cgrclight_diff_proj_alphaglow.crycg <- FCData/Shaders.pak
pak DIR EXTRACT: shaders/hwscripts/declarations/cgpshaders/cgrclight_diff_singlelight.crycg <- FCData/Shaders.pak
pak DIR EXTRACT: shaders/hwscripts/declarations/cgpshaders/cgrclight_diff_singlelight_alphaglow.crycg <- FCData/Shaders.pak
pak DIR EXTRACT: shaders/hwscripts/declarations/cgpshaders/cgrclight_diff_singlelight_atten.crycg <- FCData/Shaders.pak
pak DIR EXTRACT: shaders/hwscripts/declarations/cgpshaders/cgrclight_diff_singlelight_atten_alphaglow.crycg <- FCData/Shaders.pak
pak DIR EXTRACT: shaders/hwscripts/declarations/cgpshaders/cgrclight_diff_singlelight_atten_plants.crycg <- FCData/Shaders.pak
pak DIR EXTRACT: shaders/hwscripts/declarations/cgpshaders/cgrclight_diff_singlelight_atten_plants_mult.crycg <- FCData/Shaders.pak
pak DIR EXTRACT: shaders/hwscripts/declarations/cgpshaders/cgrclight_diff_singlelight_plants.crycg <- FCData/Shaders.pak
pak DIR EXTRACT: shaders/hwscripts/declarations/cgpshaders/cgrclight_diff_singlelight_plants_mult.crycg <- FCData/Shaders.pak
pak DIR EXTRACT: shaders/hwscripts/declarations/cgpshaders/cgrclight_invprojsinglelight.crycg <- FCData/Shaders.pak
pak DIR EXTRACT: shaders/hwscripts/declarations/cgpshaders/cgrclight_invsinglelight.crycg <- FCData/Shaders.pak
pak DIR EXTRACT: shaders/hwscripts/declarations/cgpshaders/cgrclight_particle_diff_projsinglelight_noatten.crycg <- FCData/Shaders.pak
pak DIR EXTRACT: shaders/hwscripts/declarations/cgpshaders/cgrclight_particle_diff_projsinglelight_noatten_simple.crycg <- FCData/Shaders.pak
pak DIR EXTRACT: shaders/hwscripts/declarations/cgpshaders/cgrclight_particle_diff_singlelight.crycg <- FCData/Shaders.pak
pak DIR EXTRACT: shaders/hwscripts/declarations/cgpshaders/cgrclowmedwater.crycg <- FCData/Shaders.pak
pak DIR EXTRACT: shaders/hwscripts/declarations/cgpshaders/cgrcluminosity.crycg <- FCData/Shaders.pak
pak DIR EXTRACT: shaders/hwscripts/declarations/cgpshaders/cgrcmatrix.crycg <- FCData/Shaders.pak
pak DIR EXTRACT: shaders/hwscripts/declarations/cgpshaders/cgrcmetallic_ps20.crycg <- FCData/Shaders.pak
pak DIR EXTRACT: shaders/hwscripts/declarations/cgpshaders/cgrcmotion.crycg <- FCData/Shaders.pak
pak DIR EXTRACT: shaders/hwscripts/declarations/cgpshaders/cgrcmotionamount.crycg <- FCData/Shaders.pak
pak DIR EXTRACT: shaders/hwscripts/declarations/cgpshaders/cgrcnegtexaddcolor.crycg <- FCData/Shaders.pak
pak DIR EXTRACT: shaders/hwscripts/declarations/cgpshaders/cgrcnightvision.crycg <- FCData/Shaders.pak
pak DIR EXTRACT: shaders/hwscripts/declarations/cgpshaders/cgrcnightvisionglare.crycg <- FCData/Shaders.pak
pak DIR EXTRACT: shaders/hwscripts/declarations/cgpshaders/cgrcocean.crycg <- FCData/Shaders.pak
pak DIR EXTRACT: shaders/hwscripts/declarations/cgpshaders/cgrcocean2.crycg <- FCData/Shaders.pak
pak DIR EXTRACT: shaders/hwscripts/declarations/cgpshaders/cgrcoceanwater.crycg <- FCData/Shaders.pak
pak DIR EXTRACT: shaders/hwscripts/declarations/cgpshaders/cgrcocean_norefl.crycg <- FCData/Shaders.pak
pak DIR EXTRACT: shaders/hwscripts/declarations/cgpshaders/cgrcoffset.crycg <- FCData/Shaders.pak
pak DIR EXTRACT: shaders/hwscripts/declarations/cgpshaders/cgrcoutdoorwaterrefraction.crycg <- FCData/Shaders.pak
pak DIR EXTRACT: shaders/hwscripts/declarations/cgpshaders/cgrcplants.crycg <- FCData/Shaders.pak
pak DIR EXTRACT: shaders/hwscripts/declarations/cgpshaders/cgrcplants_bump.crycg <- FCData/Shaders.pak
pak DIR EXTRACT: shaders/hwscripts/declarations/cgpshaders/cgrcplants_bump_fv.crycg <- FCData/Shaders.pak
pak DIR EXTRACT: shaders/hwscripts/declarations/cgpshaders/cgrcplants_fv.crycg <- FCData/Shaders.pak
pak DIR EXTRACT: shaders/hwscripts/declarations/cgpshaders/cgrcplants_onlysunrabbits.crycg <- FCData/Shaders.pak
pak DIR EXTRACT: shaders/hwscripts/declarations/cgpshaders/cgrcplants_sunrabbits.crycg <- FCData/Shaders.pak
pak DIR EXTRACT: shaders/hwscripts/declarations/cgpshaders/cgrcplants_sunrabbitsonly.crycg <- FCData/Shaders.pak
pak DIR EXTRACT: shaders/hwscripts/declarations/cgpshaders/cgrcplants_sunrabbits_bump.crycg <- FCData/Shaders.pak
pak DIR EXTRACT: shaders/hwscripts/declarations/cgpshaders/cgrcplants_sunrabbits_fv.crycg <- FCData/Shaders.pak
pak DIR EXTRACT: shaders/hwscripts/declarations/cgpshaders/cgrcpredator.crycg <- FCData/Shaders.pak
pak DIR EXTRACT: shaders/hwscripts/declarations/cgpshaders/cgrcrainbow.crycg <- FCData/Shaders.pak
pak DIR EXTRACT: shaders/hwscripts/declarations/cgpshaders/cgrcreflcmdecal_reflamountalpha.crycg <- FCData/Shaders.pak
pak DIR EXTRACT: shaders/hwscripts/declarations/cgpshaders/cgrcreflcmdecal_reflamountopacity.crycg <- FCData/Shaders.pak
pak DIR EXTRACT: shaders/hwscripts/declarations/cgpshaders/cgrcrefractive.crycg <- FCData/Shaders.pak
pak DIR EXTRACT: shaders/hwscripts/declarations/cgpshaders/cgrcrefractiveoverlay.crycg <- FCData/Shaders.pak
pak DIR EXTRACT: shaders/hwscripts/declarations/cgpshaders/cgrcrefrdiffuse.crycg <- FCData/Shaders.pak
pak DIR EXTRACT: shaders/hwscripts/declarations/cgpshaders/cgrcrendermodeadv.crycg <- FCData/Shaders.pak
pak DIR EXTRACT: shaders/hwscripts/declarations/cgpshaders/cgrcrendermodecold.crycg <- FCData/Shaders.pak
pak DIR EXTRACT: shaders/hwscripts/declarations/cgpshaders/cgrcreplrgbtoalpha.crycg <- FCData/Shaders.pak
pak DIR EXTRACT: shaders/hwscripts/declarations/cgpshaders/cgrcrgbtoalpha.crycg <- FCData/Shaders.pak
pak DIR EXTRACT: shaders/hwscripts/declarations/cgpshaders/cgrcscopeflare.crycg <- FCData/Shaders.pak
pak DIR EXTRACT: shaders/hwscripts/declarations/cgpshaders/cgrcscopelens.crycg <- FCData/Shaders.pak
pak DIR EXTRACT: shaders/hwscripts/declarations/cgpshaders/cgrcscreen.crycg <- FCData/Shaders.pak
pak DIR EXTRACT: shaders/hwscripts/declarations/cgpshaders/cgrcshadowdepth_1samples.crycg <- FCData/Shaders.pak
pak DIR EXTRACT: shaders/hwscripts/declarations/cgpshaders/cgrcshadowdepth_1samples_envlight.crycg <- FCData/Shaders.pak
pak DIR EXTRACT: shaders/hwscripts/declarations/cgpshaders/cgrcshadowdepth_2samples.crycg <- FCData/Shaders.pak
pak DIR EXTRACT: shaders/hwscripts/declarations/cgpshaders/cgrcshadowdepth_2samples_envlight.crycg <- FCData/Shaders.pak
pak DIR EXTRACT: shaders/hwscripts/declarations/cgpshaders/cgrcshadowdepth_3samples.crycg <- FCData/Shaders.pak
pak DIR EXTRACT: shaders/hwscripts/declarations/cgpshaders/cgrcshadowdepth_3samples_envlight.crycg <- FCData/Shaders.pak
pak DIR EXTRACT: shaders/hwscripts/declarations/cgpshaders/cgrcshadowdepth_neg_1samples.crycg <- FCData/Shaders.pak
pak DIR EXTRACT: shaders/hwscripts/declarations/cgpshaders/cgrcshadowdepth_neg_2samples.crycg <- FCData/Shaders.pak
pak DIR EXTRACT: shaders/hwscripts/declarations/cgpshaders/cgrcshadowdepth_neg_3samples.crycg <- FCData/Shaders.pak
pak DIR EXTRACT: shaders/hwscripts/declarations/cgpshaders/cgrcshadowgendiffusealpha_depth.crycg <- FCData/Shaders.pak
pak DIR EXTRACT: shaders/hwscripts/declarations/cgpshaders/cgrcshadowgen_depth.crycg <- FCData/Shaders.pak
pak DIR EXTRACT: shaders/hwscripts/declarations/cgpshaders/cgrcshadowgen_depth_alpha.crycg <- FCData/Shaders.pak
pak DIR EXTRACT: shaders/hwscripts/declarations/cgpshaders/cgrcshadowtempl.crycg <- FCData/Shaders.pak
pak DIR EXTRACT: shaders/hwscripts/declarations/cgpshaders/cgrcshadow_1samples.crycg <- FCData/Shaders.pak
pak DIR EXTRACT: shaders/hwscripts/declarations/cgpshaders/cgrcshadow_1samples_envlight.crycg <- FCData/Shaders.pak
pak DIR EXTRACT: shaders/hwscripts/declarations/cgpshaders/cgrcshadow_2samples.crycg <- FCData/Shaders.pak
pak DIR EXTRACT: shaders/hwscripts/declarations/cgpshaders/cgrcshadow_2samples_envlight.crycg <- FCData/Shaders.pak
pak DIR EXTRACT: shaders/hwscripts/declarations/cgpshaders/cgrcshadow_3samples.crycg <- FCData/Shaders.pak
pak DIR EXTRACT: shaders/hwscripts/declarations/cgpshaders/cgrcshadow_3samples_envlight.crycg <- FCData/Shaders.pak
pak DIR EXTRACT: shaders/hwscripts/declarations/cgpshaders/cgrcshadow_depth2_1samples.crycg <- FCData/Shaders.pak
pak DIR EXTRACT: shaders/hwscripts/declarations/cgpshaders/cgrcshadow_depth2_1samples_envlight.crycg <- FCData/Shaders.pak
pak DIR EXTRACT: shaders/hwscripts/declarations/cgpshaders/cgrcshadow_depth2_2samples.crycg <- FCData/Shaders.pak
pak DIR EXTRACT: shaders/hwscripts/declarations/cgpshaders/cgrcshadow_depth2_2samples_envlight.crycg <- FCData/Shaders.pak
pak DIR EXTRACT: shaders/hwscripts/declarations/cgpshaders/cgrcshadow_depth2_3samples.crycg <- FCData/Shaders.pak
pak DIR EXTRACT: shaders/hwscripts/declarations/cgpshaders/cgrcshadow_depth2_3samples_envlight.crycg <- FCData/Shaders.pak
pak DIR EXTRACT: shaders/hwscripts/declarations/cgpshaders/cgrcshadow_depth2_4samples.crycg <- FCData/Shaders.pak
pak DIR EXTRACT: shaders/hwscripts/declarations/cgpshaders/cgrcshadow_depth2_4samples_envlight.crycg <- FCData/Shaders.pak
pak DIR EXTRACT: shaders/hwscripts/declarations/cgpshaders/cgrcshadow_neg_1samples.crycg <- FCData/Shaders.pak
pak DIR EXTRACT: shaders/hwscripts/declarations/cgpshaders/cgrcshadow_neg_2samples.crycg <- FCData/Shaders.pak
pak DIR EXTRACT: shaders/hwscripts/declarations/cgpshaders/cgrcshadow_neg_3samples.crycg <- FCData/Shaders.pak
pak DIR EXTRACT: shaders/hwscripts/declarations/cgpshaders/cgrcshadow_neg_depth2_1samples.crycg <- FCData/Shaders.pak
pak DIR EXTRACT: shaders/hwscripts/declarations/cgpshaders/cgrcshadow_neg_depth2_2samples.crycg <- FCData/Shaders.pak
pak DIR EXTRACT: shaders/hwscripts/declarations/cgpshaders/cgrcshadow_neg_depth2_3samples.crycg <- FCData/Shaders.pak
pak DIR EXTRACT: shaders/hwscripts/declarations/cgpshaders/cgrcshadow_neg_depth2_4samples.crycg <- FCData/Shaders.pak
pak DIR EXTRACT: shaders/hwscripts/declarations/cgpshaders/cgrcshadow_partpoint_depth2_1samples.crycg <- FCData/Shaders.pak
pak DIR EXTRACT: shaders/hwscripts/declarations/cgpshaders/cgrcshadow_partpoint_depth2_2samples.crycg <- FCData/Shaders.pak
pak DIR EXTRACT: shaders/hwscripts/declarations/cgpshaders/cgrcshadow_partpoint_depth2_3samples.crycg <- FCData/Shaders.pak
pak DIR EXTRACT: shaders/hwscripts/declarations/cgpshaders/cgrcshadow_partpoint_depth_1samples.crycg <- FCData/Shaders.pak
pak DIR EXTRACT: shaders/hwscripts/declarations/cgpshaders/cgrcshadow_partpoint_depth_2samples.crycg <- FCData/Shaders.pak
pak DIR EXTRACT: shaders/hwscripts/declarations/cgpshaders/cgrcshadow_partpoint_depth_3samples.crycg <- FCData/Shaders.pak
pak DIR EXTRACT: shaders/hwscripts/declarations/cgpshaders/cgrcshadow_partproj_depth2_1samples.crycg <- FCData/Shaders.pak
pak DIR EXTRACT: shaders/hwscripts/declarations/cgpshaders/cgrcshadow_partproj_depth2_2samples.crycg <- FCData/Shaders.pak
pak DIR EXTRACT: shaders/hwscripts/declarations/cgpshaders/cgrcshadow_partproj_depth2_3samples.crycg <- FCData/Shaders.pak
pak DIR EXTRACT: shaders/hwscripts/declarations/cgpshaders/cgrcshadow_partproj_depth_1samples.crycg <- FCData/Shaders.pak
pak DIR EXTRACT: shaders/hwscripts/declarations/cgpshaders/cgrcshadow_partproj_depth_2samples.crycg <- FCData/Shaders.pak
pak DIR EXTRACT: shaders/hwscripts/declarations/cgpshaders/cgrcshadow_partproj_depth_3samples.crycg <- FCData/Shaders.pak
pak DIR EXTRACT: shaders/hwscripts/declarations/cgpshaders/cgrcsubsurface.crycg <- FCData/Shaders.pak
pak DIR EXTRACT: shaders/hwscripts/declarations/cgpshaders/cgrcsubsurface_pp.crycg <- FCData/Shaders.pak
pak DIR EXTRACT: shaders/hwscripts/declarations/cgpshaders/cgrcsun.crycg <- FCData/Shaders.pak
pak DIR EXTRACT: shaders/hwscripts/declarations/cgpshaders/cgrcterrain.crycg <- FCData/Shaders.pak
pak DIR EXTRACT: shaders/hwscripts/declarations/cgpshaders/cgrcterraincaust_1layers.crycg <- FCData/Shaders.pak
pak DIR EXTRACT: shaders/hwscripts/declarations/cgpshaders/cgrcterraincaust_2layers.crycg <- FCData/Shaders.pak
pak DIR EXTRACT: shaders/hwscripts/declarations/cgpshaders/cgrcterrainlayertempl.crycg <- FCData/Shaders.pak
pak DIR EXTRACT: shaders/hwscripts/declarations/cgpshaders/cgrcterrainshadow.crycg <- FCData/Shaders.pak
pak DIR EXTRACT: shaders/hwscripts/declarations/cgpshaders/cgrcterrainshadow_2d.crycg <- FCData/Shaders.pak
pak DIR EXTRACT: shaders/hwscripts/declarations/cgpshaders/cgrcterrainshadow_depth.crycg <- FCData/Shaders.pak
pak DIR EXTRACT: shaders/hwscripts/declarations/cgpshaders/cgrcterrain_1layers.crycg <- FCData/Shaders.pak
pak DIR EXTRACT: shaders/hwscripts/declarations/cgpshaders/cgrcterrain_1layers_only.crycg <- FCData/Shaders.pak
pak DIR EXTRACT: shaders/hwscripts/declarations/cgpshaders/cgrcterrain_1layers_vf.crycg <- FCData/Shaders.pak
pak DIR EXTRACT: shaders/hwscripts/declarations/cgpshaders/cgrcterrain_2layers.crycg <- FCData/Shaders.pak
pak DIR EXTRACT: shaders/hwscripts/declarations/cgpshaders/cgrcterrain_2layers_only.crycg <- FCData/Shaders.pak
pak DIR EXTRACT: shaders/hwscripts/declarations/cgpshaders/cgrcterrain_2layers_vf.crycg <- FCData/Shaders.pak
pak DIR EXTRACT: shaders/hwscripts/declarations/cgpshaders/cgrcterrain_3layers.crycg <- FCData/Shaders.pak
pak DIR EXTRACT: shaders/hwscripts/declarations/cgpshaders/cgrcterrain_3layers_only.crycg <- FCData/Shaders.pak
pak DIR EXTRACT: shaders/hwscripts/declarations/cgpshaders/cgrcterrain_4layers_only.crycg <- FCData/Shaders.pak
pak DIR EXTRACT: shaders/hwscripts/declarations/cgpshaders/cgrcterrain_caust.crycg <- FCData/Shaders.pak
pak DIR EXTRACT: shaders/hwscripts/declarations/cgpshaders/cgrcterrain_caust_overlay.crycg <- FCData/Shaders.pak
pak DIR EXTRACT: shaders/hwscripts/declarations/cgpshaders/cgrcterrain_dettex.crycg <- FCData/Shaders.pak
pak DIR EXTRACT: shaders/hwscripts/declarations/cgpshaders/cgrcterrain_far.crycg <- FCData/Shaders.pak
pak DIR EXTRACT: shaders/hwscripts/declarations/cgpshaders/cgrcterrain_nocol.crycg <- FCData/Shaders.pak
pak DIR EXTRACT: shaders/hwscripts/declarations/cgpshaders/cgrcterrain_vf.crycg <- FCData/Shaders.pak
pak DIR EXTRACT: shaders/hwscripts/declarations/cgpshaders/cgrctex.crycg <- FCData/Shaders.pak
pak DIR EXTRACT: shaders/hwscripts/declarations/cgpshaders/cgrctex2.crycg <- FCData/Shaders.pak
pak DIR EXTRACT: shaders/hwscripts/declarations/cgpshaders/cgrctexdot3lm.crycg <- FCData/Shaders.pak
pak DIR EXTRACT: shaders/hwscripts/declarations/cgpshaders/cgrctexdot3lm_alphaglow.crycg <- FCData/Shaders.pak
pak DIR EXTRACT: shaders/hwscripts/declarations/cgpshaders/cgrctexdot3lm_alphaglow_envcm.crycg <- FCData/Shaders.pak
pak DIR EXTRACT: shaders/hwscripts/declarations/cgpshaders/cgrctexdot3lm_alphaglow_envcmspec_ps20.crycg <- FCData/Shaders.pak
pak DIR EXTRACT: shaders/hwscripts/declarations/cgpshaders/cgrctexdot3lm_envcm.crycg <- FCData/Shaders.pak
pak DIR EXTRACT: shaders/hwscripts/declarations/cgpshaders/cgrctexdot3lm_envcmspec_ps20.crycg <- FCData/Shaders.pak
pak DIR EXTRACT: shaders/hwscripts/declarations/cgpshaders/cgrctexdot3lm_envcm_ps20.crycg <- FCData/Shaders.pak
pak DIR EXTRACT: shaders/hwscripts/declarations/cgpshaders/cgrctexdot3lm_glossalpha_envcmspec_ps20.crycg <- FCData/Shaders.pak
pak DIR EXTRACT: shaders/hwscripts/declarations/cgpshaders/cgrctexdot3lm_gloss_envcmspec_ps20.crycg <- FCData/Shaders.pak
pak DIR EXTRACT: shaders/hwscripts/declarations/cgpshaders/cgrctexdot3lm_noamb.crycg <- FCData/Shaders.pak
pak DIR EXTRACT: shaders/hwscripts/declarations/cgpshaders/cgrctexdot3lm_ps20.crycg <- FCData/Shaders.pak
pak DIR EXTRACT: shaders/hwscripts/declarations/cgpshaders/cgrctexlm.crycg <- FCData/Shaders.pak
pak DIR EXTRACT: shaders/hwscripts/declarations/cgpshaders/cgrctexlm_alphaglow.crycg <- FCData/Shaders.pak
pak DIR EXTRACT: shaders/hwscripts/declarations/cgpshaders/cgrctexlm_alphaglow_envcm.crycg <- FCData/Shaders.pak
pak DIR EXTRACT: shaders/hwscripts/declarations/cgpshaders/cgrctexlm_envcm.crycg <- FCData/Shaders.pak
pak DIR EXTRACT: shaders/hwscripts/declarations/cgpshaders/cgrctexshadow.crycg <- FCData/Shaders.pak
pak DIR EXTRACT: shaders/hwscripts/declarations/cgpshaders/cgrctex_alphaglow_envcm.crycg <- FCData/Shaders.pak
pak DIR EXTRACT: shaders/hwscripts/declarations/cgpshaders/cgrctex_envcm.crycg <- FCData/Shaders.pak
pak DIR EXTRACT: shaders/hwscripts/declarations/cgpshaders/cgrctreesprites.crycg <- FCData/Shaders.pak
pak DIR EXTRACT: shaders/hwscripts/declarations/cgpshaders/cgrctreesprites_fv.crycg <- FCData/Shaders.pak
pak DIR EXTRACT: shaders/hwscripts/declarations/cgpshaders/cgrcwater.crycg <- FCData/Shaders.pak
pak DIR EXTRACT: shaders/hwscripts/declarations/cgpshaders/cgrcwaterreflectcmap.crycg <- FCData/Shaders.pak
pak DIR EXTRACT: shaders/hwscripts/declarations/cgpshaders/cgrcwaterripples.crycg <- FCData/Shaders.pak
pak DIR EXTRACT: shaders/hwscripts/declarations/cgpshaders/cgrcwatertank.crycg <- FCData/Shaders.pak
pak DIR EXTRACT: shaders/hwscripts/declarations/cgpshaders/cgrcwater_beach.crycg <- FCData/Shaders.pak
pak DIR EXTRACT: shaders/hwscripts/declarations/cgpshaders/cgrcwater_beach_refr.crycg <- FCData/Shaders.pak
pak DIR EXTRACT: shaders/hwscripts/declarations/cgpshaders/cgrcwater_cm_ps20.crycg <- FCData/Shaders.pak
pak DIR EXTRACT: shaders/hwscripts/declarations/cgpshaders/cgrcwater_duckweed.crycg <- FCData/Shaders.pak
pak DIR EXTRACT: shaders/hwscripts/declarations/cgpshaders/cgrcwater_lake.crycg <- FCData/Shaders.pak
pak DIR EXTRACT: shaders/hwscripts/declarations/cgpshaders/cgrcwater_ps20.crycg <- FCData/Shaders.pak
pak DIR EXTRACT: shaders/hwscripts/declarations/cgpshaders/cgrcwater_refr.crycg <- FCData/Shaders.pak
pak DIR EXTRACT: shaders/hwscripts/declarations/cgpshaders/cgrc_hdr_ambbasecol_fog_ps20.crycg <- FCData/Shaders.pak
pak DIR EXTRACT: shaders/hwscripts/declarations/cgpshaders/cgrc_hdr_ambbasecol_ps20.crycg <- FCData/Shaders.pak
pak DIR EXTRACT: shaders/hwscripts/declarations/cgpshaders/cgrc_hdr_ambbaseconst_ps20.crycg <- FCData/Shaders.pak
pak DIR EXTRACT: shaders/hwscripts/declarations/cgpshaders/cgrc_hdr_ambbase_fog_ps20.crycg <- FCData/Shaders.pak
pak DIR EXTRACT: shaders/hwscripts/declarations/cgpshaders/cgrc_hdr_ambbase_ps20.crycg <- FCData/Shaders.pak
pak DIR EXTRACT: shaders/hwscripts/declarations/cgpshaders/cgrc_hdr_basecol2add_ps20.crycg <- FCData/Shaders.pak
pak DIR EXTRACT: shaders/hwscripts/declarations/cgpshaders/cgrc_hdr_basecol_fog_ps20.crycg <- FCData/Shaders.pak
pak DIR EXTRACT: shaders/hwscripts/declarations/cgpshaders/cgrc_hdr_basecol_fv_ps20.crycg <- FCData/Shaders.pak
pak DIR EXTRACT: shaders/hwscripts/declarations/cgpshaders/cgrc_hdr_basecol_ps20.crycg <- FCData/Shaders.pak
pak DIR EXTRACT: shaders/hwscripts/declarations/cgpshaders/cgrc_hdr_baseconst_ps20.crycg <- FCData/Shaders.pak
pak DIR EXTRACT: shaders/hwscripts/declarations/cgpshaders/cgrc_hdr_base_ps20.crycg <- FCData/Shaders.pak
pak DIR EXTRACT: shaders/hwscripts/declarations/cgpshaders/cgrc_hdr_bloom_bilinear_ps20.crycg <- FCData/Shaders.pak
pak DIR EXTRACT: shaders/hwscripts/declarations/cgpshaders/cgrc_hdr_bloom_ps20.crycg <- FCData/Shaders.pak
pak DIR EXTRACT: shaders/hwscripts/declarations/cgpshaders/cgrc_hdr_brightpassfilter_frommrt_ps20.crycg <- FCData/Shaders.pak
pak DIR EXTRACT: shaders/hwscripts/declarations/cgpshaders/cgrc_hdr_brightpassfilter_ps20.crycg <- FCData/Shaders.pak
pak DIR EXTRACT: shaders/hwscripts/declarations/cgpshaders/cgrc_hdr_calculateadaptedlum_ps20.crycg <- FCData/Shaders.pak
pak DIR EXTRACT: shaders/hwscripts/declarations/cgpshaders/cgrc_hdr_clearscreen_mrt_ps20.crycg <- FCData/Shaders.pak
pak DIR EXTRACT: shaders/hwscripts/declarations/cgpshaders/cgrc_hdr_clearscreen_ps20.crycg <- FCData/Shaders.pak
pak DIR EXTRACT: shaders/hwscripts/declarations/cgpshaders/cgrc_hdr_downscale2x2_bilinear_ps20.crycg <- FCData/Shaders.pak
pak DIR EXTRACT: shaders/hwscripts/declarations/cgpshaders/cgrc_hdr_downscale2x2_ps20.crycg <- FCData/Shaders.pak
pak DIR EXTRACT: shaders/hwscripts/declarations/cgpshaders/cgrc_hdr_downscale4x4_ba_ps20.crycg <- FCData/Shaders.pak
pak DIR EXTRACT: shaders/hwscripts/declarations/cgpshaders/cgrc_hdr_downscale4x4_bilinear_ba_ps20.crycg <- FCData/Shaders.pak
pak DIR EXTRACT: shaders/hwscripts/declarations/cgpshaders/cgrc_hdr_downscale4x4_bilinear_mrt_ps20.crycg <- FCData/Shaders.pak
pak DIR EXTRACT: shaders/hwscripts/declarations/cgpshaders/cgrc_hdr_downscale4x4_bilinear_ps20.crycg <- FCData/Shaders.pak
pak DIR EXTRACT: shaders/hwscripts/declarations/cgpshaders/cgrc_hdr_downscale4x4_bilinear_rg_ps20.crycg <- FCData/Shaders.pak
pak DIR EXTRACT: shaders/hwscripts/declarations/cgpshaders/cgrc_hdr_downscale4x4_mrt_k_ps20.crycg <- FCData/Shaders.pak
pak DIR EXTRACT: shaders/hwscripts/declarations/cgpshaders/cgrc_hdr_downscale4x4_mrt_ps20.crycg <- FCData/Shaders.pak
pak DIR EXTRACT: shaders/hwscripts/declarations/cgpshaders/cgrc_hdr_downscale4x4_ps20.crycg <- FCData/Shaders.pak
pak DIR EXTRACT: shaders/hwscripts/declarations/cgpshaders/cgrc_hdr_downscale4x4_rg_ps20.crycg <- FCData/Shaders.pak
pak DIR EXTRACT: shaders/hwscripts/declarations/cgpshaders/cgrc_hdr_drawflare_ps20.crycg <- FCData/Shaders.pak
pak DIR EXTRACT: shaders/hwscripts/declarations/cgpshaders/cgrc_hdr_finalscene_blueshift_ps20.crycg <- FCData/Shaders.pak
pak DIR EXTRACT: shaders/hwscripts/declarations/cgpshaders/cgrc_hdr_finalscene_blueshift_tonemap_frommrt_ps20.crycg <- FCData/Shaders.pak
pak DIR EXTRACT: shaders/hwscripts/declarations/cgpshaders/cgrc_hdr_finalscene_blueshift_tonemap_ps20.crycg <- FCData/Shaders.pak
pak DIR EXTRACT: shaders/hwscripts/declarations/cgpshaders/cgrc_hdr_finalscene_ps20.crycg <- FCData/Shaders.pak
pak DIR EXTRACT: shaders/hwscripts/declarations/cgpshaders/cgrc_hdr_finalscene_tonemap_ps20.crycg <- FCData/Shaders.pak
pak DIR EXTRACT: shaders/hwscripts/declarations/cgpshaders/cgrc_hdr_gaussblur5x5_bilinear_ps20.crycg <- FCData/Shaders.pak
pak DIR EXTRACT: shaders/hwscripts/declarations/cgpshaders/cgrc_hdr_gaussblur5x5_ps20.crycg <- FCData/Shaders.pak
pak DIR EXTRACT: shaders/hwscripts/declarations/cgpshaders/cgrc_hdr_mergetextures_1_ps20.crycg <- FCData/Shaders.pak
pak DIR EXTRACT: shaders/hwscripts/declarations/cgpshaders/cgrc_hdr_mergetextures_2_ps20.crycg <- FCData/Shaders.pak
pak DIR EXTRACT: shaders/hwscripts/declarations/cgpshaders/cgrc_hdr_mergetextures_3_ps20.crycg <- FCData/Shaders.pak
pak DIR EXTRACT: shaders/hwscripts/declarations/cgpshaders/cgrc_hdr_mergetextures_4_ps20.crycg <- FCData/Shaders.pak
pak DIR EXTRACT: shaders/hwscripts/declarations/cgpshaders/cgrc_hdr_mergetextures_5_ps20.crycg <- FCData/Shaders.pak
pak DIR EXTRACT: shaders/hwscripts/declarations/cgpshaders/cgrc_hdr_mergetextures_6_ps20.crycg <- FCData/Shaders.pak
pak DIR EXTRACT: shaders/hwscripts/declarations/cgpshaders/cgrc_hdr_mergetextures_7_ps20.crycg <- FCData/Shaders.pak
pak DIR EXTRACT: shaders/hwscripts/declarations/cgpshaders/cgrc_hdr_mergetextures_8_ps20.crycg <- FCData/Shaders.pak
pak DIR EXTRACT: shaders/hwscripts/declarations/cgpshaders/cgrc_hdr_mrtk_2_fp16_ps20.crycg <- FCData/Shaders.pak
pak DIR EXTRACT: shaders/hwscripts/declarations/cgpshaders/cgrc_hdr_reflcm_addsig_ps20.crycg <- FCData/Shaders.pak
pak DIR EXTRACT: shaders/hwscripts/declarations/cgpshaders/cgrc_hdr_resampleavglumexp_bilinear_ps20.crycg <- FCData/Shaders.pak
pak DIR EXTRACT: shaders/hwscripts/declarations/cgpshaders/cgrc_hdr_resampleavglumexp_ps20.crycg <- FCData/Shaders.pak
pak DIR EXTRACT: shaders/hwscripts/declarations/cgpshaders/cgrc_hdr_resampleavglum_bilinear_ps20.crycg <- FCData/Shaders.pak
pak DIR EXTRACT: shaders/hwscripts/declarations/cgpshaders/cgrc_hdr_resampleavglum_ps20.crycg <- FCData/Shaders.pak
pak DIR EXTRACT: shaders/hwscripts/declarations/cgpshaders/cgrc_hdr_sampleavglum_frommrt_ps20.crycg <- FCData/Shaders.pak
pak DIR EXTRACT: shaders/hwscripts/declarations/cgpshaders/cgrc_hdr_sampleavglum_ps20.crycg <- FCData/Shaders.pak
pak DIR EXTRACT: shaders/hwscripts/declarations/cgpshaders/cgrc_hdr_showrg_mrt_ps20.crycg <- FCData/Shaders.pak
pak DIR EXTRACT: shaders/hwscripts/declarations/cgpshaders/cgrc_hdr_showr_ps20.crycg <- FCData/Shaders.pak
pak DIR EXTRACT: shaders/hwscripts/declarations/cgpshaders/cgrc_hdr_skyfake_ps20.crycg <- FCData/Shaders.pak
pak DIR EXTRACT: shaders/hwscripts/declarations/cgpshaders/cgrc_hdr_sky_ps20.crycg <- FCData/Shaders.pak
pak DIR EXTRACT: shaders/hwscripts/declarations/cgpshaders/cgrc_hdr_star_mrt_ps20.crycg <- FCData/Shaders.pak
pak DIR EXTRACT: shaders/hwscripts/declarations/cgpshaders/cgrc_hdr_star_ps20.crycg <- FCData/Shaders.pak
pak DIR EXTRACT: shaders/hwscripts/declarations/cgpshaders/cgreflectcmap.crycg <- FCData/Shaders.pak
pak DIR EXTRACT: shaders/hwscripts/declarations/cgpshaders/cgreflectcmap_col.crycg <- FCData/Shaders.pak
pak DIR EXTRACT: shaders/hwscripts/declarations/cgpshaders/cgreflectcmap_colconst.crycg <- FCData/Shaders.pak
pak DIR EXTRACT: shaders/hwscripts/declarations/cgpshaders/cgreflectcmap_colconstrgb.crycg <- FCData/Shaders.pak
pak DIR EXTRACT: shaders/hwscripts/declarations/cgpshaders/cgrefractcmap1_col.crycg <- FCData/Shaders.pak
pak DIR EXTRACT: shaders/hwscripts/declarations/cgpshaders/cgrefractcmap1_colconst.crycg <- FCData/Shaders.pak
pak DIR EXTRACT: shaders/hwscripts/declarations/cgpshaders/cgrefractcmap1_colconstrgb.crycg <- FCData/Shaders.pak
pak DIR EXTRACT: shaders/hwscripts/declarations/cgpshaders/cgrefractcmap1_invcol.crycg <- FCData/Shaders.pak
pak DIR EXTRACT: shaders/hwscripts/declarations/cgpshaders/cgwatervolumereflcm.crycg <- FCData/Shaders.pak
pak DIR EXTRACT: shaders/hwscripts/declarations/cgpshaders/vssver.scc <- FCData/Shaders.pak
pak DIR EXTRACT: shaders/hwscripts/declarations/cgpshaders.csl <- FCData/Shaders.pak
pak DIR EXTRACT: shaders/hwscripts/declarations/cgvpmacro.csi <- FCData/Shaders.pak
pak DIR EXTRACT: shaders/hwscripts/declarations/cgvprogramms.csl <- FCData/Shaders.pak
pak DIR EXTRACT: shaders/hwscripts/declarations/cgvshaders/cache/do_not_delete_this_folder.txt <- FCData/Shaders.pak
pak DIR EXTRACT: shaders/hwscripts/declarations/cgvshaders/cgvprogambienttempl.crycg <- FCData/Shaders.pak
pak DIR EXTRACT: shaders/hwscripts/declarations/cgvshaders/cgvprogbasecol.crycg <- FCData/Shaders.pak
pak DIR EXTRACT: shaders/hwscripts/declarations/cgvshaders/cgvprogbasecol2.crycg <- FCData/Shaders.pak
pak DIR EXTRACT: shaders/hwscripts/declarations/cgvshaders/cgvprogbeam.crycg <- FCData/Shaders.pak
pak DIR EXTRACT: shaders/hwscripts/declarations/cgvshaders/cgvprogbeam1.crycg <- FCData/Shaders.pak
pak DIR EXTRACT: shaders/hwscripts/declarations/cgvshaders/cgvprogbendedbush_decal_sunrabbits.crycg <- FCData/Shaders.pak
pak DIR EXTRACT: shaders/hwscripts/declarations/cgvshaders/cgvprogbendedbush_sunrabbits.crycg <- FCData/Shaders.pak
pak DIR EXTRACT: shaders/hwscripts/declarations/cgvshaders/cgvprogblur.crycg <- FCData/Shaders.pak
pak DIR EXTRACT: shaders/hwscripts/declarations/cgvshaders/cgvprogblursep.crycg <- FCData/Shaders.pak
pak DIR EXTRACT: shaders/hwscripts/declarations/cgvshaders/cgvprogbluryscreen.crycg <- FCData/Shaders.pak
pak DIR EXTRACT: shaders/hwscripts/declarations/cgvshaders/cgvprogbubble_vs20.crycg <- FCData/Shaders.pak
pak DIR EXTRACT: shaders/hwscripts/declarations/cgvshaders/cgvprogbumpdiff_terrain.crycg <- FCData/Shaders.pak
pak DIR EXTRACT: shaders/hwscripts/declarations/cgvshaders/cgvprogbumpdiff_terrain_atten.crycg <- FCData/Shaders.pak
pak DIR EXTRACT: shaders/hwscripts/declarations/cgvshaders/cgvprogbumpdiff_terrain_proj.crycg <- FCData/Shaders.pak
pak DIR EXTRACT: shaders/hwscripts/declarations/cgvshaders/cgvprogbumpreflcm_ps.crycg <- FCData/Shaders.pak
pak DIR EXTRACT: shaders/hwscripts/declarations/cgvshaders/cgvprogbumpreflfresnelcm_ps.crycg <- FCData/Shaders.pak
pak DIR EXTRACT: shaders/hwscripts/declarations/cgvshaders/cgvprogbumprefllightcm_ps.crycg <- FCData/Shaders.pak
pak DIR EXTRACT: shaders/hwscripts/declarations/cgvshaders/cgvprogbumprefrcm_ps.crycg <- FCData/Shaders.pak
pak DIR EXTRACT: shaders/hwscripts/declarations/cgvshaders/cgvprogbumprefrfresnelcm_ps.crycg <- FCData/Shaders.pak
pak DIR EXTRACT: shaders/hwscripts/declarations/cgvshaders/cgvprogbumpsunglow.crycg <- FCData/Shaders.pak
pak DIR EXTRACT: shaders/hwscripts/declarations/cgvshaders/cgvprogbumpsunglow_vs20.crycg <- FCData/Shaders.pak
pak DIR EXTRACT: shaders/hwscripts/declarations/cgvshaders/cgvprogbump_diffpass.crycg <- FCData/Shaders.pak
pak DIR EXTRACT: shaders/hwscripts/declarations/cgvshaders/cgvprogbump_diffpass_2sided.crycg <- FCData/Shaders.pak
pak DIR EXTRACT: shaders/hwscripts/declarations/cgvshaders/cgvprogbump_diffpass_atten.crycg <- FCData/Shaders.pak
pak DIR EXTRACT: shaders/hwscripts/declarations/cgvshaders/cgvprogbump_diffpass_atten_envcm.crycg <- FCData/Shaders.pak
pak DIR EXTRACT: shaders/hwscripts/declarations/cgvshaders/cgvprogbump_diffpass_atten_envcmspec_vs20.crycg <- FCData/Shaders.pak
pak DIR EXTRACT: shaders/hwscripts/declarations/cgvshaders/cgvprogbump_diffpass_atten_envcm_vs20.crycg <- FCData/Shaders.pak
pak DIR EXTRACT: shaders/hwscripts/declarations/cgvshaders/cgvprogbump_diffpass_atten_envlight.crycg <- FCData/Shaders.pak
pak DIR EXTRACT: shaders/hwscripts/declarations/cgvshaders/cgvprogbump_diffpass_atten_plants.crycg <- FCData/Shaders.pak
pak DIR EXTRACT: shaders/hwscripts/declarations/cgvshaders/cgvprogbump_diffpass_atten_plants_2sided.crycg <- FCData/Shaders.pak
pak DIR EXTRACT: shaders/hwscripts/declarations/cgvshaders/cgvprogbump_diffpass_atten_plants_bended.crycg <- FCData/Shaders.pak
pak DIR EXTRACT: shaders/hwscripts/declarations/cgvshaders/cgvprogbump_diffpass_atten_plants_bended_2sided.crycg <- FCData/Shaders.pak
pak DIR EXTRACT: shaders/hwscripts/declarations/cgvshaders/cgvprogbump_diffpass_atten_plants_bended_bump.crycg <- FCData/Shaders.pak
pak DIR EXTRACT: shaders/hwscripts/declarations/cgvshaders/cgvprogbump_diffpass_atten_plants_bump.crycg <- FCData/Shaders.pak
pak DIR EXTRACT: shaders/hwscripts/declarations/cgvshaders/cgvprogbump_diffpass_atten_plants_tt_2sided.crycg <- FCData/Shaders.pak
pak DIR EXTRACT: shaders/hwscripts/declarations/cgvshaders/cgvprogbump_diffpass_atten_plants_tt_bended_2sided.crycg <- FCData/Shaders.pak
pak DIR EXTRACT: shaders/hwscripts/declarations/cgvshaders/cgvprogbump_diffpass_atten_vs20.crycg <- FCData/Shaders.pak
pak DIR EXTRACT: shaders/hwscripts/declarations/cgvshaders/cgvprogbump_diffpass_bended.crycg <- FCData/Shaders.pak
pak DIR EXTRACT: shaders/hwscripts/declarations/cgvshaders/cgvprogbump_diffpass_bended_2sided.crycg <- FCData/Shaders.pak
pak DIR EXTRACT: shaders/hwscripts/declarations/cgvshaders/cgvprogbump_diffpass_envcm.crycg <- FCData/Shaders.pak
pak DIR EXTRACT: shaders/hwscripts/declarations/cgvshaders/cgvprogbump_diffpass_envcmspec_vs20.crycg <- FCData/Shaders.pak
pak DIR EXTRACT: shaders/hwscripts/declarations/cgvshaders/cgvprogbump_diffpass_envlight.crycg <- FCData/Shaders.pak
pak DIR EXTRACT: shaders/hwscripts/declarations/cgvshaders/cgvprogbump_diffpass_proj.crycg <- FCData/Shaders.pak
pak DIR EXTRACT: shaders/hwscripts/declarations/cgvshaders/cgvprogbump_diffpass_projatten_envcm_vs20.crycg <- FCData/Shaders.pak
pak DIR EXTRACT: shaders/hwscripts/declarations/cgvshaders/cgvprogbump_diffpass_projatten_envlight_vs20.crycg <- FCData/Shaders.pak
pak DIR EXTRACT: shaders/hwscripts/declarations/cgvshaders/cgvprogbump_diffpass_projatten_vs20.crycg <- FCData/Shaders.pak
pak DIR EXTRACT: shaders/hwscripts/declarations/cgvshaders/cgvprogbump_diffpass_proj_envcm.crycg <- FCData/Shaders.pak
pak DIR EXTRACT: shaders/hwscripts/declarations/cgvshaders/cgvprogbump_diffpass_proj_envcmspec_vs20.crycg <- FCData/Shaders.pak
pak DIR EXTRACT: shaders/hwscripts/declarations/cgvshaders/cgvprogbump_diffpass_proj_envlight.crycg <- FCData/Shaders.pak
pak DIR EXTRACT: shaders/hwscripts/declarations/cgvshaders/cgvprogbump_diffpass_proj_vertatten.crycg <- FCData/Shaders.pak
pak DIR EXTRACT: shaders/hwscripts/declarations/cgvshaders/cgvprogbump_diffpass_proj_vertatten_2sided.crycg <- FCData/Shaders.pak
pak DIR EXTRACT: shaders/hwscripts/declarations/cgvshaders/cgvprogbump_diffpass_proj_vertatten_2sided_bended.crycg <- FCData/Shaders.pak
pak DIR EXTRACT: shaders/hwscripts/declarations/cgvshaders/cgvprogbump_diffpass_proj_vertatten_2sided_tt.crycg <- FCData/Shaders.pak
pak DIR EXTRACT: shaders/hwscripts/declarations/cgvshaders/cgvprogbump_diffpass_proj_vertatten_2sided_tt_bended.crycg <- FCData/Shaders.pak
pak DIR EXTRACT: shaders/hwscripts/declarations/cgvshaders/cgvprogbump_diffpass_proj_vertatten_bended.crycg <- FCData/Shaders.pak
pak DIR EXTRACT: shaders/hwscripts/declarations/cgvshaders/cgvprogbump_diffpass_proj_vertatten_bended_bump.crycg <- FCData/Shaders.pak
pak DIR EXTRACT: shaders/hwscripts/declarations/cgvshaders/cgvprogbump_diffpass_proj_vertatten_bump.crycg <- FCData/Shaders.pak
pak DIR EXTRACT: shaders/hwscripts/declarations/cgvshaders/cgvprogbump_diffpass_proj_vertlight.crycg <- FCData/Shaders.pak
pak DIR EXTRACT: shaders/hwscripts/declarations/cgvshaders/cgvprogbump_diffpass_proj_vertlight_2sided.crycg <- FCData/Shaders.pak
pak DIR EXTRACT: shaders/hwscripts/declarations/cgvshaders/cgvprogbump_diffpass_proj_vertlight_2sided_bended.crycg <- FCData/Shaders.pak
pak DIR EXTRACT: shaders/hwscripts/declarations/cgvshaders/cgvprogbump_diffpass_proj_vertlight_2sided_tt.crycg <- FCData/Shaders.pak
pak DIR EXTRACT: shaders/hwscripts/declarations/cgvshaders/cgvprogbump_diffpass_proj_vertlight_2sided_tt_bended.crycg <- FCData/Shaders.pak
pak DIR EXTRACT: shaders/hwscripts/declarations/cgvshaders/cgvprogbump_diffpass_proj_vertlight_bended.crycg <- FCData/Shaders.pak
pak DIR EXTRACT: shaders/hwscripts/declarations/cgvshaders/cgvprogbump_diffpass_proj_vertlight_bended_bump.crycg <- FCData/Shaders.pak
pak DIR EXTRACT: shaders/hwscripts/declarations/cgvshaders/cgvprogbump_diffpass_proj_vertlight_bump.crycg <- FCData/Shaders.pak
pak DIR EXTRACT: shaders/hwscripts/declarations/cgvshaders/cgvprogbump_diffpass_proj_vs20.crycg <- FCData/Shaders.pak
pak DIR EXTRACT: shaders/hwscripts/declarations/cgvshaders/cgvprogbump_diffpass_tt_2sided.crycg <- FCData/Shaders.pak
pak DIR EXTRACT: shaders/hwscripts/declarations/cgvshaders/cgvprogbump_diffpass_tt_bended_2sided.crycg <- FCData/Shaders.pak
pak DIR EXTRACT: shaders/hwscripts/declarations/cgvshaders/cgvprogbump_diffpass_vs20.crycg <- FCData/Shaders.pak
pak DIR EXTRACT: shaders/hwscripts/declarations/cgvshaders/cgvprogbump_diffspec.crycg <- FCData/Shaders.pak
pak DIR EXTRACT: shaders/hwscripts/declarations/cgvshaders/cgvprogbump_diffspecpass_atten.crycg <- FCData/Shaders.pak
pak DIR EXTRACT: shaders/hwscripts/declarations/cgvshaders/cgvprogbump_diffspecpass_atten_envcm.crycg <- FCData/Shaders.pak
pak DIR EXTRACT: shaders/hwscripts/declarations/cgvshaders/cgvprogbump_diffspecpass_atten_envcm_vs20.crycg <- FCData/Shaders.pak
pak DIR EXTRACT: shaders/hwscripts/declarations/cgvshaders/cgvprogbump_diffspecpass_atten_envlight.crycg <- FCData/Shaders.pak
pak DIR EXTRACT: shaders/hwscripts/declarations/cgvshaders/cgvprogbump_diffspecpass_atten_envlight_vs20.crycg <- FCData/Shaders.pak
pak DIR EXTRACT: shaders/hwscripts/declarations/cgvshaders/cgvprogbump_diffspecpass_atten_gloss.crycg <- FCData/Shaders.pak
pak DIR EXTRACT: shaders/hwscripts/declarations/cgvshaders/cgvprogbump_diffspecpass_atten_gloss_envcm.crycg <- FCData/Shaders.pak
pak DIR EXTRACT: shaders/hwscripts/declarations/cgvshaders/cgvprogbump_diffspecpass_atten_gloss_envcmspec_vs20.crycg <- FCData/Shaders.pak
pak DIR EXTRACT: shaders/hwscripts/declarations/cgvshaders/cgvprogbump_diffspecpass_atten_gloss_envcm_vs20.crycg <- FCData/Shaders.pak
pak DIR EXTRACT: shaders/hwscripts/declarations/cgvshaders/cgvprogbump_diffspecpass_atten_gloss_envlight.crycg <- FCData/Shaders.pak
pak DIR EXTRACT: shaders/hwscripts/declarations/cgvshaders/cgvprogbump_diffspecpass_atten_gloss_envlight_vs20.crycg <- FCData/Shaders.pak
pak DIR EXTRACT: shaders/hwscripts/declarations/cgvshaders/cgvprogbump_diffspecpass_atten_hp.crycg <- FCData/Shaders.pak
pak DIR EXTRACT: shaders/hwscripts/declarations/cgvshaders/cgvprogbump_diffspecpass_atten_hp_envcm.crycg <- FCData/Shaders.pak
pak DIR EXTRACT: shaders/hwscripts/declarations/cgvshaders/cgvprogbump_diffspecpass_atten_hp_envlight.crycg <- FCData/Shaders.pak
pak DIR EXTRACT: shaders/hwscripts/declarations/cgvshaders/cgvprogbump_diffspecpass_hp.crycg <- FCData/Shaders.pak
pak DIR EXTRACT: shaders/hwscripts/declarations/cgvshaders/cgvprogbump_diffspecpass_hp_envcm.crycg <- FCData/Shaders.pak
pak DIR EXTRACT: shaders/hwscripts/declarations/cgvshaders/cgvprogbump_diffspecpass_hp_envlight.crycg <- FCData/Shaders.pak
pak DIR EXTRACT: shaders/hwscripts/declarations/cgvshaders/cgvprogbump_diffspecpass_proj.crycg <- FCData/Shaders.pak
pak DIR EXTRACT: shaders/hwscripts/declarations/cgvshaders/cgvprogbump_diffspecpass_projatten_envcm_vs20.crycg <- FCData/Shaders.pak
pak DIR EXTRACT: shaders/hwscripts/declarations/cgvshaders/cgvprogbump_diffspecpass_projatten_envlight_vs20.crycg <- FCData/Shaders.pak
pak DIR EXTRACT: shaders/hwscripts/declarations/cgvshaders/cgvprogbump_diffspecpass_projatten_gloss_envcm_vs20.crycg <- FCData/Shaders.pak
pak DIR EXTRACT: shaders/hwscripts/declarations/cgvshaders/cgvprogbump_diffspecpass_projatten_gloss_envlight_vs20.crycg <- FCData/Shaders.pak
pak DIR EXTRACT: shaders/hwscripts/declarations/cgvshaders/cgvprogbump_diffspecpass_projatten_gloss_vs20.crycg <- FCData/Shaders.pak
pak DIR EXTRACT: shaders/hwscripts/declarations/cgvshaders/cgvprogbump_diffspecpass_projatten_vs20.crycg <- FCData/Shaders.pak
pak DIR EXTRACT: shaders/hwscripts/declarations/cgvshaders/cgvprogbump_diffspecpass_proj_envcm.crycg <- FCData/Shaders.pak
pak DIR EXTRACT: shaders/hwscripts/declarations/cgvshaders/cgvprogbump_diffspecpass_proj_envcm_vs20.crycg <- FCData/Shaders.pak
pak DIR EXTRACT: shaders/hwscripts/declarations/cgvshaders/cgvprogbump_diffspecpass_proj_envlight.crycg <- FCData/Shaders.pak
pak DIR EXTRACT: shaders/hwscripts/declarations/cgvshaders/cgvprogbump_diffspecpass_proj_envlight_vs20.crycg <- FCData/Shaders.pak
pak DIR EXTRACT: shaders/hwscripts/declarations/cgvshaders/cgvprogbump_diffspecpass_proj_gloss.crycg <- FCData/Shaders.pak
pak DIR EXTRACT: shaders/hwscripts/declarations/cgvshaders/cgvprogbump_diffspecpass_proj_gloss_envcm.crycg <- FCData/Shaders.pak
pak DIR EXTRACT: shaders/hwscripts/declarations/cgvshaders/cgvprogbump_diffspecpass_proj_gloss_envcmspec_vs20.crycg <- FCData/Shaders.pak
pak DIR EXTRACT: shaders/hwscripts/declarations/cgvshaders/cgvprogbump_diffspecpass_proj_gloss_envcm_vs20.crycg <- FCData/Shaders.pak
pak DIR EXTRACT: shaders/hwscripts/declarations/cgvshaders/cgvprogbump_diffspecpass_proj_gloss_envlight.crycg <- FCData/Shaders.pak
pak DIR EXTRACT: shaders/hwscripts/declarations/cgvshaders/cgvprogbump_diffspecpass_proj_gloss_envlight_vs20.crycg <- FCData/Shaders.pak
pak DIR EXTRACT: shaders/hwscripts/declarations/cgvshaders/cgvprogbump_diffspecpass_proj_hp.crycg <- FCData/Shaders.pak
pak DIR EXTRACT: shaders/hwscripts/declarations/cgvshaders/cgvprogbump_diffspecpass_proj_hp_envcm.crycg <- FCData/Shaders.pak
pak DIR EXTRACT: shaders/hwscripts/declarations/cgvshaders/cgvprogbump_diffspecpass_proj_hp_envlight.crycg <- FCData/Shaders.pak
pak DIR EXTRACT: shaders/hwscripts/declarations/cgvshaders/cgvprogbump_diffspec_atten_envcmspec_vs20.crycg <- FCData/Shaders.pak
pak DIR EXTRACT: shaders/hwscripts/declarations/cgvshaders/cgvprogbump_diffspec_envcm.crycg <- FCData/Shaders.pak
pak DIR EXTRACT: shaders/hwscripts/declarations/cgvshaders/cgvprogbump_diffspec_envcmspec_vs20.crycg <- FCData/Shaders.pak
pak DIR EXTRACT: shaders/hwscripts/declarations/cgvshaders/cgvprogbump_diffspec_envcm_vs20.crycg <- FCData/Shaders.pak
pak DIR EXTRACT: shaders/hwscripts/declarations/cgvshaders/cgvprogbump_diffspec_envlight.crycg <- FCData/Shaders.pak
pak DIR EXTRACT: shaders/hwscripts/declarations/cgvshaders/cgvprogbump_diffspec_envlight_vs20.crycg <- FCData/Shaders.pak
pak DIR EXTRACT: shaders/hwscripts/declarations/cgvshaders/cgvprogbump_diffspec_gloss.crycg <- FCData/Shaders.pak
pak DIR EXTRACT: shaders/hwscripts/declarations/cgvshaders/cgvprogbump_diffspec_gloss_envcm.crycg <- FCData/Shaders.pak
pak DIR EXTRACT: shaders/hwscripts/declarations/cgvshaders/cgvprogbump_diffspec_gloss_envcmspec_vs20.crycg <- FCData/Shaders.pak
pak DIR EXTRACT: shaders/hwscripts/declarations/cgvshaders/cgvprogbump_diffspec_gloss_envcm_vs20.crycg <- FCData/Shaders.pak
pak DIR EXTRACT: shaders/hwscripts/declarations/cgvshaders/cgvprogbump_diffspec_gloss_envlight.crycg <- FCData/Shaders.pak
pak DIR EXTRACT: shaders/hwscripts/declarations/cgvshaders/cgvprogbump_diffspec_gloss_envlight_vs20.crycg <- FCData/Shaders.pak
pak DIR EXTRACT: shaders/hwscripts/declarations/cgvshaders/cgvprogbump_diffspec_nocm.crycg <- FCData/Shaders.pak
pak DIR EXTRACT: shaders/hwscripts/declarations/cgvshaders/cgvprogbump_diffspec_proj_envcmspec_vs20.crycg <- FCData/Shaders.pak
pak DIR EXTRACT: shaders/hwscripts/declarations/cgvshaders/cgvprogbump_diffspec_terrain.crycg <- FCData/Shaders.pak
pak DIR EXTRACT: shaders/hwscripts/declarations/cgvshaders/cgvprogbump_envcmspec_vs20.crycg <- FCData/Shaders.pak
pak DIR EXTRACT: shaders/hwscripts/declarations/cgvshaders/cgvprogbump_specpass.crycg <- FCData/Shaders.pak
pak DIR EXTRACT: shaders/hwscripts/declarations/cgvshaders/cgvprogbump_specpass_atten.crycg <- FCData/Shaders.pak
pak DIR EXTRACT: shaders/hwscripts/declarations/cgvshaders/cgvprogbump_specpass_atten_gloss.crycg <- FCData/Shaders.pak
pak DIR EXTRACT: shaders/hwscripts/declarations/cgvshaders/cgvprogbump_specpass_atten_gloss_vs20.crycg <- FCData/Shaders.pak
pak DIR EXTRACT: shaders/hwscripts/declarations/cgvshaders/cgvprogbump_specpass_atten_hp.crycg <- FCData/Shaders.pak
pak DIR EXTRACT: shaders/hwscripts/declarations/cgvshaders/cgvprogbump_specpass_atten_vs20.crycg <- FCData/Shaders.pak
pak DIR EXTRACT: shaders/hwscripts/declarations/cgvshaders/cgvprogbump_specpass_glitter_vs20.crycg <- FCData/Shaders.pak
pak DIR EXTRACT: shaders/hwscripts/declarations/cgvshaders/cgvprogbump_specpass_gloss.crycg <- FCData/Shaders.pak
pak DIR EXTRACT: shaders/hwscripts/declarations/cgvshaders/cgvprogbump_specpass_gloss_vs20.crycg <- FCData/Shaders.pak
pak DIR EXTRACT: shaders/hwscripts/declarations/cgvshaders/cgvprogbump_specpass_hp.crycg <- FCData/Shaders.pak
pak DIR EXTRACT: shaders/hwscripts/declarations/cgvshaders/cgvprogbump_specpass_proj.crycg <- FCData/Shaders.pak
pak DIR EXTRACT: shaders/hwscripts/declarations/cgvshaders/cgvprogbump_specpass_projatten_gloss_vs20.crycg <- FCData/Shaders.pak
pak DIR EXTRACT: shaders/hwscripts/declarations/cgvshaders/cgvprogbump_specpass_projatten_vs20.crycg <- FCData/Shaders.pak
pak DIR EXTRACT: shaders/hwscripts/declarations/cgvshaders/cgvprogbump_specpass_proj_gloss.crycg <- FCData/Shaders.pak
pak DIR EXTRACT: shaders/hwscripts/declarations/cgvshaders/cgvprogbump_specpass_proj_gloss_vs20.crycg <- FCData/Shaders.pak
pak DIR EXTRACT: shaders/hwscripts/declarations/cgvshaders/cgvprogbump_specpass_proj_hp.crycg <- FCData/Shaders.pak
pak DIR EXTRACT: shaders/hwscripts/declarations/cgvshaders/cgvprogbump_specpass_proj_vs20.crycg <- FCData/Shaders.pak
pak DIR EXTRACT: shaders/hwscripts/declarations/cgvshaders/cgvprogbump_specpass_vs20.crycg <- FCData/Shaders.pak
pak DIR EXTRACT: shaders/hwscripts/declarations/cgvshaders/cgvprogbush_sunrabbits.crycg <- FCData/Shaders.pak
pak DIR EXTRACT: shaders/hwscripts/declarations/cgvshaders/cgvprogcartoon.crycg <- FCData/Shaders.pak
pak DIR EXTRACT: shaders/hwscripts/declarations/cgvshaders/cgvprogcaust.crycg <- FCData/Shaders.pak
pak DIR EXTRACT: shaders/hwscripts/declarations/cgvshaders/cgvprogcolorcontrast.crycg <- FCData/Shaders.pak
pak DIR EXTRACT: shaders/hwscripts/declarations/cgvshaders/cgvprogcolortransfer.crycg <- FCData/Shaders.pak
pak DIR EXTRACT: shaders/hwscripts/declarations/cgvshaders/cgvprogdecal.crycg <- FCData/Shaders.pak
pak DIR EXTRACT: shaders/hwscripts/declarations/cgvshaders/cgvprogdecalgeom.crycg <- FCData/Shaders.pak
pak DIR EXTRACT: shaders/hwscripts/declarations/cgvshaders/cgvprogdecal_2d_atten.crycg <- FCData/Shaders.pak
pak DIR EXTRACT: shaders/hwscripts/declarations/cgvshaders/cgvprogdecal_2d_atten_bended.crycg <- FCData/Shaders.pak
pak DIR EXTRACT: shaders/hwscripts/declarations/cgvshaders/cgvprogdecal_atten.crycg <- FCData/Shaders.pak
pak DIR EXTRACT: shaders/hwscripts/declarations/cgvshaders/cgvprogdecal_atten_bended.crycg <- FCData/Shaders.pak
pak DIR EXTRACT: shaders/hwscripts/declarations/cgvshaders/cgvprogdefault.crycg <- FCData/Shaders.pak
pak DIR EXTRACT: shaders/hwscripts/declarations/cgvshaders/cgvprogdepth.crycg <- FCData/Shaders.pak
pak DIR EXTRACT: shaders/hwscripts/declarations/cgvshaders/cgvprogdepth2.crycg <- FCData/Shaders.pak
pak DIR EXTRACT: shaders/hwscripts/declarations/cgvshaders/cgvprogdepth_alpha.crycg <- FCData/Shaders.pak
pak DIR EXTRACT: shaders/hwscripts/declarations/cgvshaders/cgvprogdetail.crycg <- FCData/Shaders.pak
pak DIR EXTRACT: shaders/hwscripts/declarations/cgvshaders/cgvprogdetailobj.crycg <- FCData/Shaders.pak
pak DIR EXTRACT: shaders/hwscripts/declarations/cgvshaders/cgvprogdetailobj_bending.crycg <- FCData/Shaders.pak
pak DIR EXTRACT: shaders/hwscripts/declarations/cgvshaders/cgvprogdetailobj_fogvolume.crycg <- FCData/Shaders.pak
pak DIR EXTRACT: shaders/hwscripts/declarations/cgvshaders/cgvprogdoffocaldist.crycg <- FCData/Shaders.pak
pak DIR EXTRACT: shaders/hwscripts/declarations/cgvshaders/cgvprogdoffocaldistnouv.crycg <- FCData/Shaders.pak
pak DIR EXTRACT: shaders/hwscripts/declarations/cgvshaders/cgvprogdot3_terrain.crycg <- FCData/Shaders.pak
pak DIR EXTRACT: shaders/hwscripts/declarations/cgvshaders/cgvprogdot3_terrain_spec.crycg <- FCData/Shaders.pak
pak DIR EXTRACT: shaders/hwscripts/declarations/cgvshaders/cgvprogeye.crycg <- FCData/Shaders.pak
pak DIR EXTRACT: shaders/hwscripts/declarations/cgvshaders/cgvprogfire.crycg <- FCData/Shaders.pak
pak DIR EXTRACT: shaders/hwscripts/declarations/cgvshaders/cgvprogfog.crycg <- FCData/Shaders.pak
pak DIR EXTRACT: shaders/hwscripts/declarations/cgvshaders/cgvprogfogcaust.crycg <- FCData/Shaders.pak
pak DIR EXTRACT: shaders/hwscripts/declarations/cgvshaders/cgvprogfogvol.crycg <- FCData/Shaders.pak
pak DIR EXTRACT: shaders/hwscripts/declarations/cgvshaders/cgvprogfurtempl.crycg <- FCData/Shaders.pak
pak DIR EXTRACT: shaders/hwscripts/declarations/cgvshaders/cgvprogfur_normgen.crycg <- FCData/Shaders.pak
pak DIR EXTRACT: shaders/hwscripts/declarations/cgvshaders/cgvprogfur_offsgen.crycg <- FCData/Shaders.pak
pak DIR EXTRACT: shaders/hwscripts/declarations/cgvshaders/cgvproggeomrefraction.crycg <- FCData/Shaders.pak
pak DIR EXTRACT: shaders/hwscripts/declarations/cgvshaders/cgvprogglare.crycg <- FCData/Shaders.pak
pak DIR EXTRACT: shaders/hwscripts/declarations/cgvshaders/cgvprogglasscm.crycg <- FCData/Shaders.pak
pak DIR EXTRACT: shaders/hwscripts/declarations/cgvshaders/cgvprogglassdispersioncm.crycg <- FCData/Shaders.pak
pak DIR EXTRACT: shaders/hwscripts/declarations/cgvshaders/cgvprogglasstex.crycg <- FCData/Shaders.pak
pak DIR EXTRACT: shaders/hwscripts/declarations/cgvshaders/cgvprogglass_vs20.crycg <- FCData/Shaders.pak
pak DIR EXTRACT: shaders/hwscripts/declarations/cgvshaders/cgvprogheathaze.crycg <- FCData/Shaders.pak
pak DIR EXTRACT: shaders/hwscripts/declarations/cgvshaders/cgvprogheatsource.crycg <- FCData/Shaders.pak
pak DIR EXTRACT: shaders/hwscripts/declarations/cgvshaders/cgvprogheatsourcemask.crycg <- FCData/Shaders.pak
pak DIR EXTRACT: shaders/hwscripts/declarations/cgvshaders/cgvprogheatsource_fp.crycg <- FCData/Shaders.pak
pak DIR EXTRACT: shaders/hwscripts/declarations/cgvshaders/cgvprogheatvision.crycg <- FCData/Shaders.pak
pak DIR EXTRACT: shaders/hwscripts/declarations/cgvshaders/cgvprogheatvision_opaq.crycg <- FCData/Shaders.pak
pak DIR EXTRACT: shaders/hwscripts/declarations/cgvshaders/cgvprogheatvision_source.crycg <- FCData/Shaders.pak
pak DIR EXTRACT: shaders/hwscripts/declarations/cgvshaders/cgvproghologram.crycg <- FCData/Shaders.pak
pak DIR EXTRACT: shaders/hwscripts/declarations/cgvshaders/cgvprogindoorwater.crycg <- FCData/Shaders.pak
pak DIR EXTRACT: shaders/hwscripts/declarations/cgvshaders/cgvprogindoorwaterspec.crycg <- FCData/Shaders.pak
pak DIR EXTRACT: shaders/hwscripts/declarations/cgvshaders/cgvprogindoorwater_final.crycg <- FCData/Shaders.pak
pak DIR EXTRACT: shaders/hwscripts/declarations/cgvshaders/cgvproginvulnerability.crycg <- FCData/Shaders.pak
pak DIR EXTRACT: shaders/hwscripts/declarations/cgvshaders/cgvproginvulnerabilitymetal.crycg <- FCData/Shaders.pak
pak DIR EXTRACT: shaders/hwscripts/declarations/cgvshaders/cgvprogiridescence_vs20.crycg <- FCData/Shaders.pak
pak DIR EXTRACT: shaders/hwscripts/declarations/cgvshaders/cgvproglava.crycg <- FCData/Shaders.pak
pak DIR EXTRACT: shaders/hwscripts/declarations/cgvshaders/cgvproglighttempl.crycg <- FCData/Shaders.pak
pak DIR EXTRACT: shaders/hwscripts/declarations/cgvshaders/cgvproglighttempl_vs2b.crycg <- FCData/Shaders.pak
pak DIR EXTRACT: shaders/hwscripts/declarations/cgvshaders/cgvproglighttempl_vs30.crycg <- FCData/Shaders.pak
pak DIR EXTRACT: shaders/hwscripts/declarations/cgvshaders/cgvproglightvol.crycg <- FCData/Shaders.pak
pak DIR EXTRACT: shaders/hwscripts/declarations/cgvshaders/cgvproglight_diffpass.crycg <- FCData/Shaders.pak
pak DIR EXTRACT: shaders/hwscripts/declarations/cgvshaders/cgvproglight_diffpass_atten.crycg <- FCData/Shaders.pak
pak DIR EXTRACT: shaders/hwscripts/declarations/cgvshaders/cgvproglight_diffpass_atten_plants.crycg <- FCData/Shaders.pak
pak DIR EXTRACT: shaders/hwscripts/declarations/cgvshaders/cgvproglight_diffpass_atten_plants_bended.crycg <- FCData/Shaders.pak
pak DIR EXTRACT: shaders/hwscripts/declarations/cgvshaders/cgvproglight_diffpass_atten_plants_tt.crycg <- FCData/Shaders.pak
pak DIR EXTRACT: shaders/hwscripts/declarations/cgvshaders/cgvproglight_diffpass_atten_plants_tt_bended.crycg <- FCData/Shaders.pak
pak DIR EXTRACT: shaders/hwscripts/declarations/cgvshaders/cgvproglight_diffpass_proj.crycg <- FCData/Shaders.pak
pak DIR EXTRACT: shaders/hwscripts/declarations/cgvshaders/cgvproglight_diffpass_proj_plants.crycg <- FCData/Shaders.pak
pak DIR EXTRACT: shaders/hwscripts/declarations/cgvshaders/cgvproglight_diffpass_proj_plants_bended.crycg <- FCData/Shaders.pak
pak DIR EXTRACT: shaders/hwscripts/declarations/cgvshaders/cgvproglight_diffpass_proj_plants_tt.crycg <- FCData/Shaders.pak
pak DIR EXTRACT: shaders/hwscripts/declarations/cgvshaders/cgvproglight_diffpass_proj_plants_tt_bended.crycg <- FCData/Shaders.pak
pak DIR EXTRACT: shaders/hwscripts/declarations/cgvshaders/cgvproglowmedwater.crycg <- FCData/Shaders.pak
pak DIR EXTRACT: shaders/hwscripts/declarations/cgvshaders/cgvproglowmedwater_fp.crycg <- FCData/Shaders.pak
pak DIR EXTRACT: shaders/hwscripts/declarations/cgvshaders/cgvprogmatrix.crycg <- FCData/Shaders.pak
pak DIR EXTRACT: shaders/hwscripts/declarations/cgvshaders/cgvprogmetallic_vs20.crycg <- FCData/Shaders.pak
pak DIR EXTRACT: shaders/hwscripts/declarations/cgvshaders/cgvprogmotion.crycg <- FCData/Shaders.pak
pak DIR EXTRACT: shaders/hwscripts/declarations/cgvshaders/cgvprogmutatedarms.crycg <- FCData/Shaders.pak
pak DIR EXTRACT: shaders/hwscripts/declarations/cgvshaders/cgvprogmuzzleflash.crycg <- FCData/Shaders.pak
pak DIR EXTRACT: shaders/hwscripts/declarations/cgvshaders/cgvprogmuzzleflash_vf.crycg <- FCData/Shaders.pak
pak DIR EXTRACT: shaders/hwscripts/declarations/cgvshaders/cgvprogmuzzle_auto.crycg <- FCData/Shaders.pak
pak DIR EXTRACT: shaders/hwscripts/declarations/cgvshaders/cgvprognightvision.crycg <- FCData/Shaders.pak
pak DIR EXTRACT: shaders/hwscripts/declarations/cgvshaders/cgvprognightvisionglare.crycg <- FCData/Shaders.pak
pak DIR EXTRACT: shaders/hwscripts/declarations/cgvshaders/cgvprogocean.crycg <- FCData/Shaders.pak
pak DIR EXTRACT: shaders/hwscripts/declarations/cgvshaders/cgvprogoceanwater.crycg <- FCData/Shaders.pak
pak DIR EXTRACT: shaders/hwscripts/declarations/cgvshaders/cgvprogocean_noheight.crycg <- FCData/Shaders.pak
pak DIR EXTRACT: shaders/hwscripts/declarations/cgvshaders/cgvprogocean_noheight_splash.crycg <- FCData/Shaders.pak
pak DIR EXTRACT: shaders/hwscripts/declarations/cgvshaders/cgvprogocean_noheight_splash1pt.crycg <- FCData/Shaders.pak
pak DIR EXTRACT: shaders/hwscripts/declarations/cgvshaders/cgvprogocean_norefl.crycg <- FCData/Shaders.pak
pak DIR EXTRACT: shaders/hwscripts/declarations/cgvshaders/cgvprogocean_sl.crycg <- FCData/Shaders.pak
pak DIR EXTRACT: shaders/hwscripts/declarations/cgvshaders/cgvprogocean_splash.crycg <- FCData/Shaders.pak
pak DIR EXTRACT: shaders/hwscripts/declarations/cgvshaders/cgvprogoutdoorwaterrefraction.crycg <- FCData/Shaders.pak
pak DIR EXTRACT: shaders/hwscripts/declarations/cgvshaders/cgvprogpredator.crycg <- FCData/Shaders.pak
pak DIR EXTRACT: shaders/hwscripts/declarations/cgvshaders/cgvprogprojecttex.crycg <- FCData/Shaders.pak
pak DIR EXTRACT: shaders/hwscripts/declarations/cgvshaders/cgvprogprojecttex_bump.crycg <- FCData/Shaders.pak
pak DIR EXTRACT: shaders/hwscripts/declarations/cgvshaders/cgvprogprojecttex_bump_t1.crycg <- FCData/Shaders.pak
pak DIR EXTRACT: shaders/hwscripts/declarations/cgvshaders/cgvprogprototypes.crycg <- FCData/Shaders.pak
pak DIR EXTRACT: shaders/hwscripts/declarations/cgvshaders/cgvprogrefractive.crycg <- FCData/Shaders.pak
pak DIR EXTRACT: shaders/hwscripts/declarations/cgvshaders/cgvprogrefractiveoverlay.crycg <- FCData/Shaders.pak
pak DIR EXTRACT: shaders/hwscripts/declarations/cgvshaders/cgvprogrefrcm.crycg <- FCData/Shaders.pak
pak DIR EXTRACT: shaders/hwscripts/declarations/cgvshaders/cgvprogscopeflare.crycg <- FCData/Shaders.pak
pak DIR EXTRACT: shaders/hwscripts/declarations/cgvshaders/cgvprogscopelens.crycg <- FCData/Shaders.pak
pak DIR EXTRACT: shaders/hwscripts/declarations/cgvshaders/cgvprogscreen.crycg <- FCData/Shaders.pak
pak DIR EXTRACT: shaders/hwscripts/declarations/cgvshaders/cgvprogshadowgendiffusealpha_depth.crycg <- FCData/Shaders.pak
pak DIR EXTRACT: shaders/hwscripts/declarations/cgvshaders/cgvprogshadowgendiffusealpha_depth_bended.crycg <- FCData/Shaders.pak
pak DIR EXTRACT: shaders/hwscripts/declarations/cgvshaders/cgvprogshadowgen_depth.crycg <- FCData/Shaders.pak
pak DIR EXTRACT: shaders/hwscripts/declarations/cgvshaders/cgvprogshadowgen_depth_bended.crycg <- FCData/Shaders.pak
pak DIR EXTRACT: shaders/hwscripts/declarations/cgvshaders/cgvprogshadowgen_depth_extrude.crycg <- FCData/Shaders.pak
pak DIR EXTRACT: shaders/hwscripts/declarations/cgvshaders/cgvprogshadowgen_depth_extrude_bended.crycg <- FCData/Shaders.pak
pak DIR EXTRACT: shaders/hwscripts/declarations/cgvshaders/cgvprogshadowtempl.crycg <- FCData/Shaders.pak
pak DIR EXTRACT: shaders/hwscripts/declarations/cgvshaders/cgvprogshadow_1samples.crycg <- FCData/Shaders.pak
pak DIR EXTRACT: shaders/hwscripts/declarations/cgvshaders/cgvprogshadow_1samples_envlight.crycg <- FCData/Shaders.pak
pak DIR EXTRACT: shaders/hwscripts/declarations/cgvshaders/cgvprogshadow_2samples.crycg <- FCData/Shaders.pak
pak DIR EXTRACT: shaders/hwscripts/declarations/cgvshaders/cgvprogshadow_2samples_envlight.crycg <- FCData/Shaders.pak
pak DIR EXTRACT: shaders/hwscripts/declarations/cgvshaders/cgvprogshadow_3samples.crycg <- FCData/Shaders.pak
pak DIR EXTRACT: shaders/hwscripts/declarations/cgvshaders/cgvprogshadow_3samples_envlight.crycg <- FCData/Shaders.pak
pak DIR EXTRACT: shaders/hwscripts/declarations/cgvshaders/cgvprogshadow_bend_1samples.crycg <- FCData/Shaders.pak
pak DIR EXTRACT: shaders/hwscripts/declarations/cgvshaders/cgvprogshadow_bend_2samples.crycg <- FCData/Shaders.pak
pak DIR EXTRACT: shaders/hwscripts/declarations/cgvshaders/cgvprogshadow_bend_3samples.crycg <- FCData/Shaders.pak
pak DIR EXTRACT: shaders/hwscripts/declarations/cgvshaders/cgvprogshadow_bend_depth2_1samples.crycg <- FCData/Shaders.pak
pak DIR EXTRACT: shaders/hwscripts/declarations/cgvshaders/cgvprogshadow_bend_depth2_2samples.crycg <- FCData/Shaders.pak
pak DIR EXTRACT: shaders/hwscripts/declarations/cgvshaders/cgvprogshadow_bend_depth2_3samples.crycg <- FCData/Shaders.pak
pak DIR EXTRACT: shaders/hwscripts/declarations/cgvshaders/cgvprogshadow_bend_depth2_4samples.crycg <- FCData/Shaders.pak
pak DIR EXTRACT: shaders/hwscripts/declarations/cgvshaders/cgvprogshadow_depth2_1samples.crycg <- FCData/Shaders.pak
pak DIR EXTRACT: shaders/hwscripts/declarations/cgvshaders/cgvprogshadow_depth2_1samples_envlight.crycg <- FCData/Shaders.pak
pak DIR EXTRACT: shaders/hwscripts/declarations/cgvshaders/cgvprogshadow_depth2_2samples.crycg <- FCData/Shaders.pak
pak DIR EXTRACT: shaders/hwscripts/declarations/cgvshaders/cgvprogshadow_depth2_2samples_envlight.crycg <- FCData/Shaders.pak
pak DIR EXTRACT: shaders/hwscripts/declarations/cgvshaders/cgvprogshadow_depth2_3samples.crycg <- FCData/Shaders.pak
pak DIR EXTRACT: shaders/hwscripts/declarations/cgvshaders/cgvprogshadow_depth2_3samples_envlight.crycg <- FCData/Shaders.pak
pak DIR EXTRACT: shaders/hwscripts/declarations/cgvshaders/cgvprogshadow_depth2_4samples.crycg <- FCData/Shaders.pak
pak DIR EXTRACT: shaders/hwscripts/declarations/cgvshaders/cgvprogshadow_depth2_4samples_envlight.crycg <- FCData/Shaders.pak
pak DIR EXTRACT: shaders/hwscripts/declarations/cgvshaders/cgvprogshadow_partpoint_depth2_1samples.crycg <- FCData/Shaders.pak
pak DIR EXTRACT: shaders/hwscripts/declarations/cgvshaders/cgvprogshadow_partpoint_depth2_2samples.crycg <- FCData/Shaders.pak
pak DIR EXTRACT: shaders/hwscripts/declarations/cgvshaders/cgvprogshadow_partpoint_depth2_3samples.crycg <- FCData/Shaders.pak
pak DIR EXTRACT: shaders/hwscripts/declarations/cgvshaders/cgvprogshadow_partpoint_depth_1samples.crycg <- FCData/Shaders.pak
pak DIR EXTRACT: shaders/hwscripts/declarations/cgvshaders/cgvprogshadow_partpoint_depth_2samples.crycg <- FCData/Shaders.pak
pak DIR EXTRACT: shaders/hwscripts/declarations/cgvshaders/cgvprogshadow_partpoint_depth_3samples.crycg <- FCData/Shaders.pak
pak DIR EXTRACT: shaders/hwscripts/declarations/cgvshaders/cgvprogshadow_partproj_depth2_1samples.crycg <- FCData/Shaders.pak
pak DIR EXTRACT: shaders/hwscripts/declarations/cgvshaders/cgvprogshadow_partproj_depth2_2samples.crycg <- FCData/Shaders.pak
pak DIR EXTRACT: shaders/hwscripts/declarations/cgvshaders/cgvprogshadow_partproj_depth2_3samples.crycg <- FCData/Shaders.pak
pak DIR EXTRACT: shaders/hwscripts/declarations/cgvshaders/cgvprogshadow_partproj_depth_1samples.crycg <- FCData/Shaders.pak
pak DIR EXTRACT: shaders/hwscripts/declarations/cgvshaders/cgvprogshadow_partproj_depth_2samples.crycg <- FCData/Shaders.pak
pak DIR EXTRACT: shaders/hwscripts/declarations/cgvshaders/cgvprogshadow_partproj_depth_3samples.crycg <- FCData/Shaders.pak
pak DIR EXTRACT: shaders/hwscripts/declarations/cgvshaders/cgvprogshadow_tt_1samples.crycg <- FCData/Shaders.pak
pak DIR EXTRACT: shaders/hwscripts/declarations/cgvshaders/cgvprogshadow_tt_2samples.crycg <- FCData/Shaders.pak
pak DIR EXTRACT: shaders/hwscripts/declarations/cgvshaders/cgvprogshadow_tt_3samples.crycg <- FCData/Shaders.pak
pak DIR EXTRACT: shaders/hwscripts/declarations/cgvshaders/cgvprogshadow_tt_bend_1samples.crycg <- FCData/Shaders.pak
pak DIR EXTRACT: shaders/hwscripts/declarations/cgvshaders/cgvprogshadow_tt_bend_2samples.crycg <- FCData/Shaders.pak
pak DIR EXTRACT: shaders/hwscripts/declarations/cgvshaders/cgvprogshadow_tt_bend_3samples.crycg <- FCData/Shaders.pak
pak DIR EXTRACT: shaders/hwscripts/declarations/cgvshaders/cgvprogshadow_tt_bend_depth2_1samples.crycg <- FCData/Shaders.pak
pak DIR EXTRACT: shaders/hwscripts/declarations/cgvshaders/cgvprogshadow_tt_bend_depth2_2samples.crycg <- FCData/Shaders.pak
pak DIR EXTRACT: shaders/hwscripts/declarations/cgvshaders/cgvprogshadow_tt_bend_depth2_3samples.crycg <- FCData/Shaders.pak
pak DIR EXTRACT: shaders/hwscripts/declarations/cgvshaders/cgvprogshadow_tt_bend_depth2_4samples.crycg <- FCData/Shaders.pak
pak DIR EXTRACT: shaders/hwscripts/declarations/cgvshaders/cgvprogshadow_tt_depth2_1samples.crycg <- FCData/Shaders.pak
pak DIR EXTRACT: shaders/hwscripts/declarations/cgvshaders/cgvprogshadow_tt_depth2_2samples.crycg <- FCData/Shaders.pak
pak DIR EXTRACT: shaders/hwscripts/declarations/cgvshaders/cgvprogshadow_tt_depth2_3samples.crycg <- FCData/Shaders.pak
pak DIR EXTRACT: shaders/hwscripts/declarations/cgvshaders/cgvprogshadow_tt_depth2_4samples.crycg <- FCData/Shaders.pak
pak DIR EXTRACT: shaders/hwscripts/declarations/cgvshaders/cgvprogsilhouete.crycg <- FCData/Shaders.pak
pak DIR EXTRACT: shaders/hwscripts/declarations/cgvshaders/cgvprogsimple.crycg <- FCData/Shaders.pak
pak DIR EXTRACT: shaders/hwscripts/declarations/cgvshaders/cgvprogsimple_2tex.crycg <- FCData/Shaders.pak
pak DIR EXTRACT: shaders/hwscripts/declarations/cgvshaders/cgvprogsimple_envcm.crycg <- FCData/Shaders.pak
pak DIR EXTRACT: shaders/hwscripts/declarations/cgvshaders/cgvprogsimple_particle.crycg <- FCData/Shaders.pak
pak DIR EXTRACT: shaders/hwscripts/declarations/cgvshaders/cgvprogsimple_particle_bended.crycg <- FCData/Shaders.pak
pak DIR EXTRACT: shaders/hwscripts/declarations/cgvshaders/cgvprogsimple_plant.crycg <- FCData/Shaders.pak
pak DIR EXTRACT: shaders/hwscripts/declarations/cgvshaders/cgvprogsimple_plant_bended.crycg <- FCData/Shaders.pak
pak DIR EXTRACT: shaders/hwscripts/declarations/cgvshaders/cgvprogsimple_plant_bended_bump.crycg <- FCData/Shaders.pak
pak DIR EXTRACT: shaders/hwscripts/declarations/cgvshaders/cgvprogsimple_plant_bended_bump_fv.crycg <- FCData/Shaders.pak
pak DIR EXTRACT: shaders/hwscripts/declarations/cgvshaders/cgvprogsimple_plant_bended_fv.crycg <- FCData/Shaders.pak
pak DIR EXTRACT: shaders/hwscripts/declarations/cgvshaders/cgvprogsimple_plant_bended_sprite.crycg <- FCData/Shaders.pak
pak DIR EXTRACT: shaders/hwscripts/declarations/cgvshaders/cgvprogsimple_plant_bended_sprite_fv.crycg <- FCData/Shaders.pak
pak DIR EXTRACT: shaders/hwscripts/declarations/cgvshaders/cgvprogsimple_plant_bended_sunrabbits.crycg <- FCData/Shaders.pak
pak DIR EXTRACT: shaders/hwscripts/declarations/cgvshaders/cgvprogsimple_plant_bended_sunrabbitsonly.crycg <- FCData/Shaders.pak
pak DIR EXTRACT: shaders/hwscripts/declarations/cgvshaders/cgvprogsimple_plant_bended_sunrabbits_bump.crycg <- FCData/Shaders.pak
pak DIR EXTRACT: shaders/hwscripts/declarations/cgvshaders/cgvprogsimple_plant_bended_sunrabbits_fv.crycg <- FCData/Shaders.pak
pak DIR EXTRACT: shaders/hwscripts/declarations/cgvshaders/cgvprogsimple_plant_bump.crycg <- FCData/Shaders.pak
pak DIR EXTRACT: shaders/hwscripts/declarations/cgvshaders/cgvprogsimple_plant_bump_fv.crycg <- FCData/Shaders.pak
pak DIR EXTRACT: shaders/hwscripts/declarations/cgvshaders/cgvprogsimple_plant_fv.crycg <- FCData/Shaders.pak
pak DIR EXTRACT: shaders/hwscripts/declarations/cgvshaders/cgvprogsimple_plant_sunrabbits.crycg <- FCData/Shaders.pak
pak DIR EXTRACT: shaders/hwscripts/declarations/cgvshaders/cgvprogsimple_plant_sunrabbitsonly.crycg <- FCData/Shaders.pak
pak DIR EXTRACT: shaders/hwscripts/declarations/cgvshaders/cgvprogsimple_plant_sunrabbits_bump.crycg <- FCData/Shaders.pak
pak DIR EXTRACT: shaders/hwscripts/declarations/cgvshaders/cgvprogsimple_plant_sunrabbits_fv.crycg <- FCData/Shaders.pak
pak DIR EXTRACT: shaders/hwscripts/declarations/cgvshaders/cgvprogsimple_plant_tt.crycg <- FCData/Shaders.pak
pak DIR EXTRACT: shaders/hwscripts/declarations/cgvshaders/cgvprogsimple_plant_tt_bended.crycg <- FCData/Shaders.pak
pak DIR EXTRACT: shaders/hwscripts/declarations/cgvshaders/cgvprogsimple_stencil.crycg <- FCData/Shaders.pak
pak DIR EXTRACT: shaders/hwscripts/declarations/cgvshaders/cgvprogsimple_tex.crycg <- FCData/Shaders.pak
pak DIR EXTRACT: shaders/hwscripts/declarations/cgvshaders/cgvprogsimple_texdot3lm.crycg <- FCData/Shaders.pak
pak DIR EXTRACT: shaders/hwscripts/declarations/cgvshaders/cgvprogsimple_texdot3lm_envcm.crycg <- FCData/Shaders.pak
pak DIR EXTRACT: shaders/hwscripts/declarations/cgvshaders/cgvprogsimple_texdot3lm_envcmspec_vs20.crycg <- FCData/Shaders.pak
pak DIR EXTRACT: shaders/hwscripts/declarations/cgvshaders/cgvprogsimple_texdot3lm_gloss_envcmspec_vs20.crycg <- FCData/Shaders.pak
pak DIR EXTRACT: shaders/hwscripts/declarations/cgvshaders/cgvprogsimple_texlm.crycg <- FCData/Shaders.pak
pak DIR EXTRACT: shaders/hwscripts/declarations/cgvshaders/cgvprogsimple_texlm_envcm.crycg <- FCData/Shaders.pak
pak DIR EXTRACT: shaders/hwscripts/declarations/cgvshaders/cgvprogsimple_tex_bended.crycg <- FCData/Shaders.pak
pak DIR EXTRACT: shaders/hwscripts/declarations/cgvshaders/cgvprogsimple_tex_envcmap.crycg <- FCData/Shaders.pak
pak DIR EXTRACT: shaders/hwscripts/declarations/cgvshaders/cgvprogsimple_tex_envcmspec_vs20.crycg <- FCData/Shaders.pak
pak DIR EXTRACT: shaders/hwscripts/declarations/cgvshaders/cgvprogsimple_tex_envlight.crycg <- FCData/Shaders.pak
pak DIR EXTRACT: shaders/hwscripts/declarations/cgvshaders/cgvprogsimple_tex_gloss_envcmspec_vs20.crycg <- FCData/Shaders.pak
pak DIR EXTRACT: shaders/hwscripts/declarations/cgvshaders/cgvprogsubsurface.crycg <- FCData/Shaders.pak
pak DIR EXTRACT: shaders/hwscripts/declarations/cgvshaders/cgvprogsubsurface_pp.crycg <- FCData/Shaders.pak
pak DIR EXTRACT: shaders/hwscripts/declarations/cgvshaders/cgvprogterrain.crycg <- FCData/Shaders.pak
pak DIR EXTRACT: shaders/hwscripts/declarations/cgvshaders/cgvprogterraincaust.crycg <- FCData/Shaders.pak
pak DIR EXTRACT: shaders/hwscripts/declarations/cgvshaders/cgvprogterraincaust_1layers.crycg <- FCData/Shaders.pak
pak DIR EXTRACT: shaders/hwscripts/declarations/cgvshaders/cgvprogterraincaust_2layers.crycg <- FCData/Shaders.pak
pak DIR EXTRACT: shaders/hwscripts/declarations/cgvshaders/cgvprogterraincaust_overlay.crycg <- FCData/Shaders.pak
pak DIR EXTRACT: shaders/hwscripts/declarations/cgvshaders/cgvprogterrainlayertempl.crycg <- FCData/Shaders.pak
pak DIR EXTRACT: shaders/hwscripts/declarations/cgvshaders/cgvprogterrainlow_heatvision.crycg <- FCData/Shaders.pak
pak DIR EXTRACT: shaders/hwscripts/declarations/cgvshaders/cgvprogterrainshadow.crycg <- FCData/Shaders.pak
pak DIR EXTRACT: shaders/hwscripts/declarations/cgvshaders/cgvprogterrainshadow_depth.crycg <- FCData/Shaders.pak
pak DIR EXTRACT: shaders/hwscripts/declarations/cgvshaders/cgvprogterrain_1layers.crycg <- FCData/Shaders.pak
pak DIR EXTRACT: shaders/hwscripts/declarations/cgvshaders/cgvprogterrain_1layers_only.crycg <- FCData/Shaders.pak
pak DIR EXTRACT: shaders/hwscripts/declarations/cgvshaders/cgvprogterrain_1layers_vf.crycg <- FCData/Shaders.pak
pak DIR EXTRACT: shaders/hwscripts/declarations/cgvshaders/cgvprogterrain_2layers.crycg <- FCData/Shaders.pak
pak DIR EXTRACT: shaders/hwscripts/declarations/cgvshaders/cgvprogterrain_2layers_only.crycg <- FCData/Shaders.pak
pak DIR EXTRACT: shaders/hwscripts/declarations/cgvshaders/cgvprogterrain_2layers_vf.crycg <- FCData/Shaders.pak
pak DIR EXTRACT: shaders/hwscripts/declarations/cgvshaders/cgvprogterrain_3layers.crycg <- FCData/Shaders.pak
pak DIR EXTRACT: shaders/hwscripts/declarations/cgvshaders/cgvprogterrain_3layers_only.crycg <- FCData/Shaders.pak
pak DIR EXTRACT: shaders/hwscripts/declarations/cgvshaders/cgvprogterrain_4layers_only.crycg <- FCData/Shaders.pak
pak DIR EXTRACT: shaders/hwscripts/declarations/cgvshaders/cgvprogterrain_dettex.crycg <- FCData/Shaders.pak
pak DIR EXTRACT: shaders/hwscripts/declarations/cgvshaders/cgvprogterrain_far.crycg <- FCData/Shaders.pak
pak DIR EXTRACT: shaders/hwscripts/declarations/cgvshaders/cgvprogterrain_heatvision.crycg <- FCData/Shaders.pak
pak DIR EXTRACT: shaders/hwscripts/declarations/cgvshaders/cgvprogterrain_lowlod.crycg <- FCData/Shaders.pak
pak DIR EXTRACT: shaders/hwscripts/declarations/cgvshaders/cgvprogterrain_vf.crycg <- FCData/Shaders.pak
pak DIR EXTRACT: shaders/hwscripts/declarations/cgvshaders/cgvprogtexgen_1unit.crycg <- FCData/Shaders.pak
pak DIR EXTRACT: shaders/hwscripts/declarations/cgvshaders/cgvprogtexgen_4units.crycg <- FCData/Shaders.pak
pak DIR EXTRACT: shaders/hwscripts/declarations/cgvshaders/cgvprogtexshadow.crycg <- FCData/Shaders.pak
pak DIR EXTRACT: shaders/hwscripts/declarations/cgvshaders/cgvprogtransformtexture.crycg <- FCData/Shaders.pak
pak DIR EXTRACT: shaders/hwscripts/declarations/cgvshaders/cgvprogwater.crycg <- FCData/Shaders.pak
pak DIR EXTRACT: shaders/hwscripts/declarations/cgvshaders/cgvprogwater2bumpreflcm_ps.crycg <- FCData/Shaders.pak
pak DIR EXTRACT: shaders/hwscripts/declarations/cgvshaders/cgvprogwater2_vs20.crycg <- FCData/Shaders.pak
pak DIR EXTRACT: shaders/hwscripts/declarations/cgvshaders/cgvprogwaterbumpreflcm_ps.crycg <- FCData/Shaders.pak
pak DIR EXTRACT: shaders/hwscripts/declarations/cgvshaders/cgvprogwaterfall.crycg <- FCData/Shaders.pak
pak DIR EXTRACT: shaders/hwscripts/declarations/cgvshaders/cgvprogwaterripples.crycg <- FCData/Shaders.pak
pak DIR EXTRACT: shaders/hwscripts/declarations/cgvshaders/cgvprogwatertank.crycg <- FCData/Shaders.pak
pak DIR EXTRACT: shaders/hwscripts/declarations/cgvshaders/cgvprogwatervolumereflcm.crycg <- FCData/Shaders.pak
pak DIR EXTRACT: shaders/hwscripts/declarations/cgvshaders/cgvprogwater_beach.crycg <- FCData/Shaders.pak
pak DIR EXTRACT: shaders/hwscripts/declarations/cgvshaders/cgvprogwater_beach_refr.crycg <- FCData/Shaders.pak
pak DIR EXTRACT: shaders/hwscripts/declarations/cgvshaders/cgvprogwater_beach_shift.crycg <- FCData/Shaders.pak
pak DIR EXTRACT: shaders/hwscripts/declarations/cgvshaders/cgvprogwater_beach_shift_refr.crycg <- FCData/Shaders.pak
pak DIR EXTRACT: shaders/hwscripts/declarations/cgvshaders/cgvprogwater_cm_vs20.crycg <- FCData/Shaders.pak
pak DIR EXTRACT: shaders/hwscripts/declarations/cgvshaders/cgvprogwater_lake.crycg <- FCData/Shaders.pak
pak DIR EXTRACT: shaders/hwscripts/declarations/cgvshaders/cgvprogwater_lakenomove.crycg <- FCData/Shaders.pak
pak DIR EXTRACT: shaders/hwscripts/declarations/cgvshaders/cgvprogwater_lakerefr.crycg <- FCData/Shaders.pak
pak DIR EXTRACT: shaders/hwscripts/declarations/cgvshaders/cgvprogwater_refr.crycg <- FCData/Shaders.pak
pak DIR EXTRACT: shaders/hwscripts/declarations/cgvshaders/cgvprogwater_vs20.crycg <- FCData/Shaders.pak
pak DIR EXTRACT: shaders/hwscripts/declarations/cgvshaders/cgvprog_brushedmetal.crycg <- FCData/Shaders.pak
pak DIR EXTRACT: shaders/hwscripts/declarations/cgvshaders/cgvprog_bumpdiffspec_ps.crycg <- FCData/Shaders.pak
pak DIR EXTRACT: shaders/hwscripts/declarations/cgvshaders/cgvprog_bumpoffs_2d.crycg <- FCData/Shaders.pak
pak DIR EXTRACT: shaders/hwscripts/declarations/cgvshaders/cgvprog_cartoonshading.crycg <- FCData/Shaders.pak
pak DIR EXTRACT: shaders/hwscripts/declarations/cgvshaders/cgvprog_charheat_singlelight_atten.crycg <- FCData/Shaders.pak
pak DIR EXTRACT: shaders/hwscripts/declarations/cgvshaders/cgvprog_charheat_singlelight_proj.crycg <- FCData/Shaders.pak
pak DIR EXTRACT: shaders/hwscripts/declarations/cgvshaders/cgvprog_flashbang.crycg <- FCData/Shaders.pak
pak DIR EXTRACT: shaders/hwscripts/declarations/cgvshaders/cgvprog_fur.crycg <- FCData/Shaders.pak
pak DIR EXTRACT: shaders/hwscripts/declarations/cgvshaders/cgvprog_heatcharnl.crycg <- FCData/Shaders.pak
pak DIR EXTRACT: shaders/hwscripts/declarations/cgvshaders/cgvprog_heatmisc.crycg <- FCData/Shaders.pak
pak DIR EXTRACT: shaders/hwscripts/declarations/cgvshaders/cgvprog_heatt1.crycg <- FCData/Shaders.pak
pak DIR EXTRACT: shaders/hwscripts/declarations/cgvshaders/cgvprog_heat_multiplelights_atten.crycg <- FCData/Shaders.pak
pak DIR EXTRACT: shaders/hwscripts/declarations/cgvshaders/cgvprog_heat_singlelight.crycg <- FCData/Shaders.pak
pak DIR EXTRACT: shaders/hwscripts/declarations/cgvshaders/cgvprog_heat_singlelight_atten.crycg <- FCData/Shaders.pak
pak DIR EXTRACT: shaders/hwscripts/declarations/cgvshaders/cgvprog_heat_singlelight_proj.crycg <- FCData/Shaders.pak
pak DIR EXTRACT: shaders/hwscripts/declarations/cgvshaders/cgvprog_lightproj_atten.crycg <- FCData/Shaders.pak
pak DIR EXTRACT: shaders/hwscripts/declarations/cgvshaders/cgvprog_light_atten.crycg <- FCData/Shaders.pak
pak DIR EXTRACT: shaders/hwscripts/declarations/cgvshaders/cgvprog_membraneshading.crycg <- FCData/Shaders.pak
pak DIR EXTRACT: shaders/hwscripts/declarations/cgvshaders/cgvprog_particle_diffpass.crycg <- FCData/Shaders.pak
pak DIR EXTRACT: shaders/hwscripts/declarations/cgvshaders/cgvprog_particle_diffpass_bended.crycg <- FCData/Shaders.pak
pak DIR EXTRACT: shaders/hwscripts/declarations/cgvshaders/cgvprog_particle_diffpass_proj.crycg <- FCData/Shaders.pak
pak DIR EXTRACT: shaders/hwscripts/declarations/cgvshaders/cgvprog_particle_diffpass_proj_bended.crycg <- FCData/Shaders.pak
pak DIR EXTRACT: shaders/hwscripts/declarations/cgvshaders/cgvprog_particle_diffpass_proj_simple.crycg <- FCData/Shaders.pak
pak DIR EXTRACT: shaders/hwscripts/declarations/cgvshaders/cgvprog_particle_diffpass_proj_simple_bended.crycg <- FCData/Shaders.pak
pak DIR EXTRACT: shaders/hwscripts/declarations/cgvshaders/cgvprog_rainbowshading.crycg <- FCData/Shaders.pak
pak DIR EXTRACT: shaders/hwscripts/declarations/cgvshaders/cgvprog_reflcm.crycg <- FCData/Shaders.pak
pak DIR EXTRACT: shaders/hwscripts/declarations/cgvshaders/cgvprog_simplelight.crycg <- FCData/Shaders.pak
pak DIR EXTRACT: shaders/hwscripts/declarations/cgvshaders/vssver.scc <- FCData/Shaders.pak
pak DIR EXTRACT: shaders/hwscripts/docs/workable shader templates.doc <- FCData/Shaders.pak
pak DIR EXTRACT: shaders/hwscripts/hwscripts.dsp <- FCData/Shaders.pak
pak DIR EXTRACT: shaders/hwscripts/hwscripts.vcproj <- FCData/Shaders.pak
pak DIR EXTRACT: shaders/hwscripts/hwscripts.vcproj.old <- FCData/Shaders.pak
pak DIR EXTRACT: shaders/hwscripts/hwscripts.vcproj.vspscc <- FCData/Shaders.pak
pak DIR EXTRACT: shaders/hwscripts/techniques/alphastate.csl <- FCData/Shaders.pak
pak DIR EXTRACT: shaders/hwscripts/techniques/ambpassdot3lm_vp.csi <- FCData/Shaders.pak
pak DIR EXTRACT: shaders/hwscripts/techniques/ambpassdot3lm_vp_envcm.csi <- FCData/Shaders.pak
pak DIR EXTRACT: shaders/hwscripts/techniques/ambpassdot3lm_vp_envcmspec.csi <- FCData/Shaders.pak
pak DIR EXTRACT: shaders/hwscripts/techniques/ambpassdot3lm_vp_gloss_envcmspec.csi <- FCData/Shaders.pak
pak DIR EXTRACT: shaders/hwscripts/techniques/ambpasslm_vp.csi <- FCData/Shaders.pak
pak DIR EXTRACT: shaders/hwscripts/techniques/ambpasslm_vp_envcm.csi <- FCData/Shaders.pak
pak DIR EXTRACT: shaders/hwscripts/techniques/ambpasstempl.csi <- FCData/Shaders.pak
pak DIR EXTRACT: shaders/hwscripts/techniques/ambpass_envlight_vp.csi <- FCData/Shaders.pak
pak DIR EXTRACT: shaders/hwscripts/techniques/ambpass_particle_vp.csi <- FCData/Shaders.pak
pak DIR EXTRACT: shaders/hwscripts/techniques/ambpass_plants_bump_vp.csi <- FCData/Shaders.pak
pak DIR EXTRACT: shaders/hwscripts/techniques/ambpass_plants_bump_vp_fv.csi <- FCData/Shaders.pak
pak DIR EXTRACT: shaders/hwscripts/techniques/ambpass_plants_sunrabbitsonly_vp.csi <- FCData/Shaders.pak
pak DIR EXTRACT: shaders/hwscripts/techniques/ambpass_plants_sunrabbits_bump_vp.csi <- FCData/Shaders.pak
pak DIR EXTRACT: shaders/hwscripts/techniques/ambpass_plants_sunrabbits_vp.csi <- FCData/Shaders.pak
pak DIR EXTRACT: shaders/hwscripts/techniques/ambpass_plants_sunrabbits_vp_fv.csi <- FCData/Shaders.pak
pak DIR EXTRACT: shaders/hwscripts/techniques/ambpass_plants_tt_vp.csi <- FCData/Shaders.pak
pak DIR EXTRACT: shaders/hwscripts/techniques/ambpass_plants_vp.csi <- FCData/Shaders.pak
pak DIR EXTRACT: shaders/hwscripts/techniques/ambpass_plants_vp_fv.csi <- FCData/Shaders.pak
pak DIR EXTRACT: shaders/hwscripts/techniques/ambpass_vp.csi <- FCData/Shaders.pak
pak DIR EXTRACT: shaders/hwscripts/techniques/ambpass_vp_envcm.csi <- FCData/Shaders.pak
pak DIR EXTRACT: shaders/hwscripts/techniques/ambpass_vp_envcmspec.csi <- FCData/Shaders.pak
pak DIR EXTRACT: shaders/hwscripts/techniques/ambpass_vp_envlight.csi <- FCData/Shaders.pak
pak DIR EXTRACT: shaders/hwscripts/techniques/ambpass_vp_gloss_envcmspec.csi <- FCData/Shaders.pak
pak DIR EXTRACT: shaders/hwscripts/techniques/bumpdiffspec.csi <- FCData/Shaders.pak
pak DIR EXTRACT: shaders/hwscripts/techniques/bumpdiffspec_envcm.csi <- FCData/Shaders.pak
pak DIR EXTRACT: shaders/hwscripts/techniques/bumpdiffspec_envcmspec_ps20.csi <- FCData/Shaders.pak
pak DIR EXTRACT: shaders/hwscripts/techniques/bumpdiffspec_envcm_ps20.csi <- FCData/Shaders.pak
pak DIR EXTRACT: shaders/hwscripts/techniques/bumpdiffspec_envlight.csi <- FCData/Shaders.pak
pak DIR EXTRACT: shaders/hwscripts/techniques/bumpdiffspec_envlight_ps20.csi <- FCData/Shaders.pak
pak DIR EXTRACT: shaders/hwscripts/techniques/bumpdiffspec_gloss.csi <- FCData/Shaders.pak
pak DIR EXTRACT: shaders/hwscripts/techniques/bumpdiffspec_gloss_envcm.csi <- FCData/Shaders.pak
pak DIR EXTRACT: shaders/hwscripts/techniques/bumpdiffspec_gloss_envcmspec_ps20.csi <- FCData/Shaders.pak
pak DIR EXTRACT: shaders/hwscripts/techniques/bumpdiffspec_gloss_envcm_ps20.csi <- FCData/Shaders.pak
pak DIR EXTRACT: shaders/hwscripts/techniques/bumpdiffspec_gloss_envlight.csi <- FCData/Shaders.pak
pak DIR EXTRACT: shaders/hwscripts/techniques/bumpdiffspec_gloss_envlight_ps20.csi <- FCData/Shaders.pak
pak DIR EXTRACT: shaders/hwscripts/techniques/bumpdiffspec_gloss_ps20.csi <- FCData/Shaders.pak
pak DIR EXTRACT: shaders/hwscripts/techniques/bumpdiffspec_hp_envlight_vp.csi <- FCData/Shaders.pak
pak DIR EXTRACT: shaders/hwscripts/techniques/bumpdiffspec_hp_vp.csi <- FCData/Shaders.pak
pak DIR EXTRACT: shaders/hwscripts/techniques/bumpdiffspec_hp_vp_envcm.csi <- FCData/Shaders.pak
pak DIR EXTRACT: shaders/hwscripts/techniques/bumpdiffspec_hp_vp_envlight.csi <- FCData/Shaders.pak
pak DIR EXTRACT: shaders/hwscripts/techniques/bumpdiffspec_ps20.csi <- FCData/Shaders.pak
pak DIR EXTRACT: shaders/hwscripts/techniques/bumpdiffuse.csi <- FCData/Shaders.pak
pak DIR EXTRACT: shaders/hwscripts/techniques/bumpdiffuse_aglow.csi <- FCData/Shaders.pak
pak DIR EXTRACT: shaders/hwscripts/techniques/bumpdiffuse_envcmspec_ps20.csi <- FCData/Shaders.pak
pak DIR EXTRACT: shaders/hwscripts/techniques/bumpdiffuse_glossalpha_envcmspec_ps20.csi <- FCData/Shaders.pak
pak DIR EXTRACT: shaders/hwscripts/techniques/bumpdiffuse_gloss_envcmspec_ps20.csi <- FCData/Shaders.pak
pak DIR EXTRACT: shaders/hwscripts/techniques/bumpdiffuse_nocm.csl <- FCData/Shaders.pak
pak DIR EXTRACT: shaders/hwscripts/techniques/bumpdiffuse_projatten.csl <- FCData/Shaders.pak
pak DIR EXTRACT: shaders/hwscripts/techniques/bumpdiff_envcmspec_ps20.csi <- FCData/Shaders.pak
pak DIR EXTRACT: shaders/hwscripts/techniques/bumpdiff_gloss_envcmspec_ps20.csi <- FCData/Shaders.pak
pak DIR EXTRACT: shaders/hwscripts/techniques/bumpdiff_multiple_aglow_vp.csi <- FCData/Shaders.pak
pak DIR EXTRACT: shaders/hwscripts/techniques/bumpdiff_multiple_plants_bended_vp.csi <- FCData/Shaders.pak
pak DIR EXTRACT: shaders/hwscripts/techniques/bumpdiff_multiple_projatten_vp.csi <- FCData/Shaders.pak
pak DIR EXTRACT: shaders/hwscripts/techniques/bumpdiff_multiple_vp.csi <- FCData/Shaders.pak
pak DIR EXTRACT: shaders/hwscripts/techniques/bumpdiff_ps20.csi <- FCData/Shaders.pak
pak DIR EXTRACT: shaders/hwscripts/techniques/bumpdiff_single_aglow_vp.csi <- FCData/Shaders.pak
pak DIR EXTRACT: shaders/hwscripts/techniques/bumpdiff_single_aglow_vp_envcm.csi <- FCData/Shaders.pak
pak DIR EXTRACT: shaders/hwscripts/techniques/bumpdiff_single_aglow_vp_envlight.csi <- FCData/Shaders.pak
pak DIR EXTRACT: shaders/hwscripts/techniques/bumpdiff_single_particle_simple_vp.csi <- FCData/Shaders.pak
pak DIR EXTRACT: shaders/hwscripts/techniques/bumpdiff_single_particle_vp.csi <- FCData/Shaders.pak
pak DIR EXTRACT: shaders/hwscripts/techniques/bumpdiff_single_plants_bended_vp.csi <- FCData/Shaders.pak
pak DIR EXTRACT: shaders/hwscripts/techniques/bumpdiff_single_plants_tt_bended_vp.csi <- FCData/Shaders.pak
pak DIR EXTRACT: shaders/hwscripts/techniques/bumpdiff_single_plants_tt_vp.csi <- FCData/Shaders.pak
pak DIR EXTRACT: shaders/hwscripts/techniques/bumpdiff_single_plants_vp.csi <- FCData/Shaders.pak
pak DIR EXTRACT: shaders/hwscripts/techniques/bumpdiff_single_projatten_vp.csi <- FCData/Shaders.pak
pak DIR EXTRACT: shaders/hwscripts/techniques/bumpdiff_single_vp.csi <- FCData/Shaders.pak
pak DIR EXTRACT: shaders/hwscripts/techniques/bumpdiff_single_vp_envcm.csi <- FCData/Shaders.pak
pak DIR EXTRACT: shaders/hwscripts/techniques/bumpdiff_single_vp_envlight.csi <- FCData/Shaders.pak
pak DIR EXTRACT: shaders/hwscripts/techniques/bumpoffset.csl <- FCData/Shaders.pak
pak DIR EXTRACT: shaders/hwscripts/techniques/bumpspecular.csi <- FCData/Shaders.pak
pak DIR EXTRACT: shaders/hwscripts/techniques/bumpspecular_envcm.csi <- FCData/Shaders.pak
pak DIR EXTRACT: shaders/hwscripts/techniques/bumpspecular_envcmspec_powerglossalpha_ps20.csi <- FCData/Shaders.pak
pak DIR EXTRACT: shaders/hwscripts/techniques/bumpspecular_envcmspec_ps20.csi <- FCData/Shaders.pak
pak DIR EXTRACT: shaders/hwscripts/techniques/bumpspecular_envcm_powerglossalpha_ps20.csi <- FCData/Shaders.pak
pak DIR EXTRACT: shaders/hwscripts/techniques/bumpspecular_envcm_ps20.csi <- FCData/Shaders.pak
pak DIR EXTRACT: shaders/hwscripts/techniques/bumpspecular_gloss.csi <- FCData/Shaders.pak
pak DIR EXTRACT: shaders/hwscripts/techniques/bumpspecular_glossalpha.csi <- FCData/Shaders.pak
pak DIR EXTRACT: shaders/hwscripts/techniques/bumpspecular_glossalpha_envcm.csi <- FCData/Shaders.pak
pak DIR EXTRACT: shaders/hwscripts/techniques/bumpspecular_glossalpha_envcmspec_powerglossalpha_ps20.csi <- FCData/Shaders.pak
pak DIR EXTRACT: shaders/hwscripts/techniques/bumpspecular_glossalpha_envcmspec_ps20.csi <- FCData/Shaders.pak
pak DIR EXTRACT: shaders/hwscripts/techniques/bumpspecular_glossalpha_envcm_powerglossalpha_ps20.csi <- FCData/Shaders.pak
pak DIR EXTRACT: shaders/hwscripts/techniques/bumpspecular_glossalpha_envcm_ps20.csi <- FCData/Shaders.pak
pak DIR EXTRACT: shaders/hwscripts/techniques/bumpspecular_glossalpha_powerglossalpha_ps20.csi <- FCData/Shaders.pak
pak DIR EXTRACT: shaders/hwscripts/techniques/bumpspecular_glossalpha_ps20.csi <- FCData/Shaders.pak
pak DIR EXTRACT: shaders/hwscripts/techniques/bumpspecular_gloss_envcm.csi <- FCData/Shaders.pak
pak DIR EXTRACT: shaders/hwscripts/techniques/bumpspecular_gloss_envcmspec_powerglossalpha_ps20.csi <- FCData/Shaders.pak
pak DIR EXTRACT: shaders/hwscripts/techniques/bumpspecular_gloss_envcmspec_ps20.csi <- FCData/Shaders.pak
pak DIR EXTRACT: shaders/hwscripts/techniques/bumpspecular_gloss_envcm_powerglossalpha_ps20.csi <- FCData/Shaders.pak
pak DIR EXTRACT: shaders/hwscripts/techniques/bumpspecular_gloss_envcm_ps20.csi <- FCData/Shaders.pak
pak DIR EXTRACT: shaders/hwscripts/techniques/bumpspecular_gloss_powerglossalpha_ps20.csi <- FCData/Shaders.pak
pak DIR EXTRACT: shaders/hwscripts/techniques/bumpspecular_gloss_ps20.csi <- FCData/Shaders.pak
pak DIR EXTRACT: shaders/hwscripts/techniques/bumpspecular_hp.csi <- FCData/Shaders.pak
pak DIR EXTRACT: shaders/hwscripts/techniques/bumpspecular_hp_envcm.csi <- FCData/Shaders.pak
pak DIR EXTRACT: shaders/hwscripts/techniques/bumpspecular_hp_glossalpha.csi <- FCData/Shaders.pak
pak DIR EXTRACT: shaders/hwscripts/techniques/bumpspecular_hp_glossalpha_envcm.csi <- FCData/Shaders.pak
pak DIR EXTRACT: shaders/hwscripts/techniques/bumpspecular_powerglossalpha_ps20.csi <- FCData/Shaders.pak
pak DIR EXTRACT: shaders/hwscripts/techniques/bumpspecular_ps20.csi <- FCData/Shaders.pak
pak DIR EXTRACT: shaders/hwscripts/techniques/bumpspec_gloss_vp.csi <- FCData/Shaders.pak
pak DIR EXTRACT: shaders/hwscripts/techniques/bumpspec_vp.csi <- FCData/Shaders.pak
pak DIR EXTRACT: shaders/hwscripts/techniques/cryvision.csl <- FCData/Shaders.pak
pak DIR EXTRACT: shaders/hwscripts/techniques/envirvp.csl <- FCData/Shaders.pak
pak DIR EXTRACT: shaders/hwscripts/techniques/fixedpipeline.csl <- FCData/Shaders.pak
pak DIR EXTRACT: shaders/hwscripts/techniques/fur.csl <- FCData/Shaders.pak
pak DIR EXTRACT: shaders/hwscripts/techniques/furtemplate.csi <- FCData/Shaders.pak
pak DIR EXTRACT: shaders/hwscripts/techniques/ghost.csl <- FCData/Shaders.pak
pak DIR EXTRACT: shaders/hwscripts/techniques/grayrender.csi <- FCData/Shaders.pak
pak DIR EXTRACT: shaders/hwscripts/techniques/heatvision.csl <- FCData/Shaders.pak
pak DIR EXTRACT: shaders/hwscripts/techniques/illumination.csl <- FCData/Shaders.pak
pak DIR EXTRACT: shaders/hwscripts/techniques/illumtemplate.csi <- FCData/Shaders.pak
pak DIR EXTRACT: shaders/hwscripts/techniques/illumtemplate_ps30.csi <- FCData/Shaders.pak
pak DIR EXTRACT: shaders/hwscripts/techniques/illumvalidations.csi <- FCData/Shaders.pak
pak DIR EXTRACT: shaders/hwscripts/techniques/lightdiffuse.csi <- FCData/Shaders.pak
pak DIR EXTRACT: shaders/hwscripts/techniques/lightdiffuse_aglow.csi <- FCData/Shaders.pak
pak DIR EXTRACT: shaders/hwscripts/techniques/lightdiff_multiple_aglow_vp.csi <- FCData/Shaders.pak
pak DIR EXTRACT: shaders/hwscripts/techniques/lightdiff_multiple_vp.csi <- FCData/Shaders.pak
pak DIR EXTRACT: shaders/hwscripts/techniques/lightdiff_single_aglow_vp.csi <- FCData/Shaders.pak
pak DIR EXTRACT: shaders/hwscripts/techniques/lightdiff_single_plants_bended_vp.csi <- FCData/Shaders.pak
pak DIR EXTRACT: shaders/hwscripts/techniques/lightdiff_single_plants_tt_bended_vp.csi <- FCData/Shaders.pak
pak DIR EXTRACT: shaders/hwscripts/techniques/lightdiff_single_plants_tt_vp.csi <- FCData/Shaders.pak
pak DIR EXTRACT: shaders/hwscripts/techniques/lightdiff_single_plants_vp.csi <- FCData/Shaders.pak
pak DIR EXTRACT: shaders/hwscripts/techniques/lightdiff_single_vp.csi <- FCData/Shaders.pak
pak DIR EXTRACT: shaders/hwscripts/techniques/lightingtempl.csi <- FCData/Shaders.pak
pak DIR EXTRACT: shaders/hwscripts/techniques/lightingtempl_ps30.csi <- FCData/Shaders.pak
pak DIR EXTRACT: shaders/hwscripts/techniques/modelbump.csl <- FCData/Shaders.pak
pak DIR EXTRACT: shaders/hwscripts/techniques/plants.csl <- FCData/Shaders.pak
pak DIR EXTRACT: shaders/hwscripts/techniques/shadowgen.csl <- FCData/Shaders.pak
pak DIR EXTRACT: shaders/hwscripts/techniques/shadowpass4.csi <- FCData/Shaders.pak
pak DIR EXTRACT: shaders/hwscripts/techniques/shadowpass4_envlight.csi <- FCData/Shaders.pak
pak DIR EXTRACT: shaders/hwscripts/techniques/shadowpass4_neg.csi <- FCData/Shaders.pak
pak DIR EXTRACT: shaders/hwscripts/techniques/shadowpass4_plants_neg.csi <- FCData/Shaders.pak
pak DIR EXTRACT: shaders/hwscripts/techniques/shadowpassdepth4.csi <- FCData/Shaders.pak
pak DIR EXTRACT: shaders/hwscripts/techniques/shadowpassdepth4_neg.csi <- FCData/Shaders.pak
pak DIR EXTRACT: shaders/hwscripts/techniques/shadowtempl.csi <- FCData/Shaders.pak
pak DIR EXTRACT: shaders/hwscripts/techniques/shadow_particle_vp.csi <- FCData/Shaders.pak
pak DIR EXTRACT: shaders/hwscripts/techniques/stencilstate.csl <- FCData/Shaders.pak
pak DIR EXTRACT: shaders/hwscripts/techniques/templates/templbumpdiffuse.cslnew <- FCData/Shaders.pak
pak DIR EXTRACT: shaders/hwscripts/techniques/templates/templbumpdiffuse.cslold <- FCData/Shaders.pak
pak DIR EXTRACT: shaders/hwscripts/techniques/templates/templbumpdiffuse_alphaglow.cslnew <- FCData/Shaders.pak
pak DIR EXTRACT: shaders/hwscripts/techniques/templates/templbumpdiffuse_alphaglow.cslold <- FCData/Shaders.pak
pak DIR EXTRACT: shaders/hwscripts/techniques/templates/templbumpdiffuse_envcmspec_offset_rt_ps20.cslnew <- FCData/Shaders.pak
pak DIR EXTRACT: shaders/hwscripts/techniques/templates/templbumpdiffuse_envcmspec_ps20.cslnew <- FCData/Shaders.pak
pak DIR EXTRACT: shaders/hwscripts/techniques/templates/templbumpdiffuse_envcmspec_ps20.cslold <- FCData/Shaders.pak
pak DIR EXTRACT: shaders/hwscripts/techniques/templates/templbumpdiffuse_envcmspec_rt_ps20.cslnew <- FCData/Shaders.pak
pak DIR EXTRACT: shaders/hwscripts/techniques/templates/templbumpdiffuse_envcmspec_rt_ps20.cslold <- FCData/Shaders.pak
pak DIR EXTRACT: shaders/hwscripts/techniques/templates/templbumpdiffuse_glossalphaspechigh.cslnew <- FCData/Shaders.pak
pak DIR EXTRACT: shaders/hwscripts/techniques/templates/templbumpdiffuse_glossalphaspechigh.cslold <- FCData/Shaders.pak
pak DIR EXTRACT: shaders/hwscripts/techniques/templates/templbumpdiffuse_glossalpha_envcmspec_offset_ps20.cslnew <- FCData/Shaders.pak
pak DIR EXTRACT: shaders/hwscripts/techniques/templates/templbumpdiffuse_glossalpha_envcmspec_offset_rt_ps20.cslnew <- FCData/Shaders.pak
pak DIR EXTRACT: shaders/hwscripts/techniques/templates/templbumpdiffuse_glossalpha_envcmspec_ps20.cslnew <- FCData/Shaders.pak
pak DIR EXTRACT: shaders/hwscripts/techniques/templates/templbumpdiffuse_glossalpha_envcmspec_ps20.cslold <- FCData/Shaders.pak
pak DIR EXTRACT: shaders/hwscripts/techniques/templates/templbumpdiffuse_glossalpha_envcmspec_rt_ps20.cslnew <- FCData/Shaders.pak
pak DIR EXTRACT: shaders/hwscripts/techniques/templates/templbumpdiffuse_glossalpha_envcmspec_rt_ps20.cslold <- FCData/Shaders.pak
pak DIR EXTRACT: shaders/hwscripts/techniques/templates/templbumpdiffuse_glossspechigh.cslnew <- FCData/Shaders.pak
pak DIR EXTRACT: shaders/hwscripts/techniques/templates/templbumpdiffuse_glossspechigh.cslold <- FCData/Shaders.pak
pak DIR EXTRACT: shaders/hwscripts/techniques/templates/templbumpdiffuse_gloss_envcmspec_offset_ps20.cslnew <- FCData/Shaders.pak
pak DIR EXTRACT: shaders/hwscripts/techniques/templates/templbumpdiffuse_gloss_envcmspec_offset_rt_ps20.cslnew <- FCData/Shaders.pak
pak DIR EXTRACT: shaders/hwscripts/techniques/templates/templbumpdiffuse_gloss_envcmspec_ps20.cslnew <- FCData/Shaders.pak
pak DIR EXTRACT: shaders/hwscripts/techniques/templates/templbumpdiffuse_gloss_envcmspec_ps20.cslold <- FCData/Shaders.pak
pak DIR EXTRACT: shaders/hwscripts/techniques/templates/templbumpdiffuse_gloss_envcmspec_rt_ps20.cslnew <- FCData/Shaders.pak
pak DIR EXTRACT: shaders/hwscripts/techniques/templates/templbumpdiffuse_gloss_envcmspec_rt_ps20.cslold <- FCData/Shaders.pak
pak DIR EXTRACT: shaders/hwscripts/techniques/templates/templbumpdiffuse_offset_ps20.cslnew <- FCData/Shaders.pak
pak DIR EXTRACT: shaders/hwscripts/techniques/templates/templbumpdiffuse_spechigh.cslnew <- FCData/Shaders.pak
pak DIR EXTRACT: shaders/hwscripts/techniques/templates/templbumpdiffuse_spechigh.cslold <- FCData/Shaders.pak
pak DIR EXTRACT: shaders/hwscripts/techniques/templates/templbumpspec.cslnew <- FCData/Shaders.pak
pak DIR EXTRACT: shaders/hwscripts/techniques/templates/templbumpspec.cslold <- FCData/Shaders.pak
pak DIR EXTRACT: shaders/hwscripts/techniques/templates/templbumpspec_envcmamb.cslnew <- FCData/Shaders.pak
pak DIR EXTRACT: shaders/hwscripts/techniques/templates/templbumpspec_envcmamb.cslold <- FCData/Shaders.pak
pak DIR EXTRACT: shaders/hwscripts/techniques/templates/templbumpspec_envcmamb_offset_ps20.cslnew <- FCData/Shaders.pak
pak DIR EXTRACT: shaders/hwscripts/techniques/templates/templbumpspec_envcmamb_offset_rt_ps20.cslnew <- FCData/Shaders.pak
pak DIR EXTRACT: shaders/hwscripts/techniques/templates/templbumpspec_envcmamb_powerglossalpha_offset_ps20.cslnew <- FCData/Shaders.pak
pak DIR EXTRACT: shaders/hwscripts/techniques/templates/templbumpspec_envcmamb_powerglossalpha_ps20.cslnew <- FCData/Shaders.pak
pak DIR EXTRACT: shaders/hwscripts/techniques/templates/templbumpspec_envcmamb_powerglossalpha_ps20.cslold <- FCData/Shaders.pak
pak DIR EXTRACT: shaders/hwscripts/techniques/templates/templbumpspec_envcmamb_ps20.cslnew <- FCData/Shaders.pak
pak DIR EXTRACT: shaders/hwscripts/techniques/templates/templbumpspec_envcmamb_ps20.cslold <- FCData/Shaders.pak
pak DIR EXTRACT: shaders/hwscripts/techniques/templates/templbumpspec_envcmamb_rt.cslnew <- FCData/Shaders.pak
pak DIR EXTRACT: shaders/hwscripts/techniques/templates/templbumpspec_envcmamb_rt.cslold <- FCData/Shaders.pak
pak DIR EXTRACT: shaders/hwscripts/techniques/templates/templbumpspec_envcmamb_rt_powerglossalpha_ps20.cslnew <- FCData/Shaders.pak
pak DIR EXTRACT: shaders/hwscripts/techniques/templates/templbumpspec_envcmamb_rt_powerglossalpha_ps20.cslold <- FCData/Shaders.pak
pak DIR EXTRACT: shaders/hwscripts/techniques/templates/templbumpspec_envcmamb_rt_ps20.cslnew <- FCData/Shaders.pak
pak DIR EXTRACT: shaders/hwscripts/techniques/templates/templbumpspec_envcmamb_rt_ps20.cslold <- FCData/Shaders.pak
pak DIR EXTRACT: shaders/hwscripts/techniques/templates/templbumpspec_envcmspec_offset_ps20.cslnew <- FCData/Shaders.pak
pak DIR EXTRACT: shaders/hwscripts/techniques/templates/templbumpspec_envcmspec_offset_rt_ps20.cslnew <- FCData/Shaders.pak
pak DIR EXTRACT: shaders/hwscripts/techniques/templates/templbumpspec_envcmspec_powerglossalpha_offset_ps20.cslnew <- FCData/Shaders.pak
pak DIR EXTRACT: shaders/hwscripts/techniques/templates/templbumpspec_envcmspec_powerglossalpha_ps20.cslnew <- FCData/Shaders.pak
pak DIR EXTRACT: shaders/hwscripts/techniques/templates/templbumpspec_envcmspec_powerglossalpha_ps20.cslold <- FCData/Shaders.pak
pak DIR EXTRACT: shaders/hwscripts/techniques/templates/templbumpspec_envcmspec_ps20.cslnew <- FCData/Shaders.pak
pak DIR EXTRACT: shaders/hwscripts/techniques/templates/templbumpspec_envcmspec_ps20.cslold <- FCData/Shaders.pak
pak DIR EXTRACT: shaders/hwscripts/techniques/templates/templbumpspec_envcmspec_rt_powerglossalpha_offset_ps20.cslnew <- FCData/Shaders.pak
pak DIR EXTRACT: shaders/hwscripts/techniques/templates/templbumpspec_envcmspec_rt_powerglossalpha_ps20.cslnew <- FCData/Shaders.pak
pak DIR EXTRACT: shaders/hwscripts/techniques/templates/templbumpspec_envcmspec_rt_powerglossalpha_ps20.cslold <- FCData/Shaders.pak
pak DIR EXTRACT: shaders/hwscripts/techniques/templates/templbumpspec_envcmspec_rt_ps20.cslnew <- FCData/Shaders.pak
pak DIR EXTRACT: shaders/hwscripts/techniques/templates/templbumpspec_envcmspec_rt_ps20.cslold <- FCData/Shaders.pak
pak DIR EXTRACT: shaders/hwscripts/techniques/templates/templbumpspec_gloss.cslnew <- FCData/Shaders.pak
pak DIR EXTRACT: shaders/hwscripts/techniques/templates/templbumpspec_gloss.cslold <- FCData/Shaders.pak
pak DIR EXTRACT: shaders/hwscripts/techniques/templates/templbumpspec_glossalpha.cslnew <- FCData/Shaders.pak
pak DIR EXTRACT: shaders/hwscripts/techniques/templates/templbumpspec_glossalpha.cslold <- FCData/Shaders.pak
pak DIR EXTRACT: shaders/hwscripts/techniques/templates/templbumpspec_glossalpha_envcmamb.cslnew <- FCData/Shaders.pak
pak DIR EXTRACT: shaders/hwscripts/techniques/templates/templbumpspec_glossalpha_envcmamb.cslold <- FCData/Shaders.pak
pak DIR EXTRACT: shaders/hwscripts/techniques/templates/templbumpspec_glossalpha_envcmamb_offset_ps20.cslnew <- FCData/Shaders.pak
pak DIR EXTRACT: shaders/hwscripts/techniques/templates/templbumpspec_glossalpha_envcmamb_offset_rt_ps20.cslnew <- FCData/Shaders.pak
pak DIR EXTRACT: shaders/hwscripts/techniques/templates/templbumpspec_glossalpha_envcmamb_powerglossalpha_offset_ps20.cslnew <- FCData/Shaders.pak
pak DIR EXTRACT: shaders/hwscripts/techniques/templates/templbumpspec_glossalpha_envcmamb_powerglossalpha_ps20.cslnew <- FCData/Shaders.pak
pak DIR EXTRACT: shaders/hwscripts/techniques/templates/templbumpspec_glossalpha_envcmamb_powerglossalpha_ps20.cslold <- FCData/Shaders.pak
pak DIR EXTRACT: shaders/hwscripts/techniques/templates/templbumpspec_glossalpha_envcmamb_ps20.cslnew <- FCData/Shaders.pak
pak DIR EXTRACT: shaders/hwscripts/techniques/templates/templbumpspec_glossalpha_envcmamb_ps20.cslold <- FCData/Shaders.pak
pak DIR EXTRACT: shaders/hwscripts/techniques/templates/templbumpspec_glossalpha_envcmamb_rt.cslnew <- FCData/Shaders.pak
pak DIR EXTRACT: shaders/hwscripts/techniques/templates/templbumpspec_glossalpha_envcmamb_rt.cslold <- FCData/Shaders.pak
pak DIR EXTRACT: shaders/hwscripts/techniques/templates/templbumpspec_glossalpha_envcmamb_rt_powerglossalpha_offset_ps20.cslnew <- FCData/Shaders.pak
pak DIR EXTRACT: shaders/hwscripts/techniques/templates/templbumpspec_glossalpha_envcmamb_rt_powerglossalpha_ps20.cslnew <- FCData/Shaders.pak
pak DIR EXTRACT: shaders/hwscripts/techniques/templates/templbumpspec_glossalpha_envcmamb_rt_powerglossalpha_ps20.cslold <- FCData/Shaders.pak
pak DIR EXTRACT: shaders/hwscripts/techniques/templates/templbumpspec_glossalpha_envcmamb_rt_ps20.cslnew <- FCData/Shaders.pak
pak DIR EXTRACT: shaders/hwscripts/techniques/templates/templbumpspec_glossalpha_envcmamb_rt_ps20.cslold <- FCData/Shaders.pak
pak DIR EXTRACT: shaders/hwscripts/techniques/templates/templbumpspec_glossalpha_envcmspec_offset_rt_ps20.cslnew <- FCData/Shaders.pak
pak DIR EXTRACT: shaders/hwscripts/techniques/templates/templbumpspec_glossalpha_envcmspec_powerglossalpha_offset_ps20.cslnew <- FCData/Shaders.pak
pak DIR EXTRACT: shaders/hwscripts/techniques/templates/templbumpspec_glossalpha_envcmspec_powerglossalpha_ps20.cslnew <- FCData/Shaders.pak
pak DIR EXTRACT: shaders/hwscripts/techniques/templates/templbumpspec_glossalpha_envcmspec_powerglossalpha_ps20.cslold <- FCData/Shaders.pak
pak DIR EXTRACT: shaders/hwscripts/techniques/templates/templbumpspec_glossalpha_envcmspec_ps20.cslnew <- FCData/Shaders.pak
pak DIR EXTRACT: shaders/hwscripts/techniques/templates/templbumpspec_glossalpha_envcmspec_ps20.cslold <- FCData/Shaders.pak
pak DIR EXTRACT: shaders/hwscripts/techniques/templates/templbumpspec_glossalpha_envcmspec_rt_powerglossalpha_offset_ps20.cslnew <- FCData/Shaders.pak
pak DIR EXTRACT: shaders/hwscripts/techniques/templates/templbumpspec_glossalpha_envcmspec_rt_powerglossalpha_ps20.cslnew <- FCData/Shaders.pak
pak DIR EXTRACT: shaders/hwscripts/techniques/templates/templbumpspec_glossalpha_envcmspec_rt_powerglossalpha_ps20.cslold <- FCData/Shaders.pak
pak DIR EXTRACT: shaders/hwscripts/techniques/templates/templbumpspec_glossalpha_envcmspec_rt_ps20.cslnew <- FCData/Shaders.pak
pak DIR EXTRACT: shaders/hwscripts/techniques/templates/templbumpspec_glossalpha_envcmspec_rt_ps20.cslold <- FCData/Shaders.pak
pak DIR EXTRACT: shaders/hwscripts/techniques/templates/templbumpspec_glossalpha_offset_ps20.cslnew <- FCData/Shaders.pak
pak DIR EXTRACT: shaders/hwscripts/techniques/templates/templbumpspec_glossalpha_powerglossalpha_offset_ps20.cslnew <- FCData/Shaders.pak
pak DIR EXTRACT: shaders/hwscripts/techniques/templates/templbumpspec_glossalpha_powerglossalpha_ps20.cslnew <- FCData/Shaders.pak
pak DIR EXTRACT: shaders/hwscripts/techniques/templates/templbumpspec_glossalpha_powerglossalpha_ps20.cslold <- FCData/Shaders.pak
pak DIR EXTRACT: shaders/hwscripts/techniques/templates/templbumpspec_glossalpha_ps20.cslnew <- FCData/Shaders.pak
pak DIR EXTRACT: shaders/hwscripts/techniques/templates/templbumpspec_glossalpha_ps20.cslold <- FCData/Shaders.pak
pak DIR EXTRACT: shaders/hwscripts/techniques/templates/templbumpspec_gloss_envcmamb.cslnew <- FCData/Shaders.pak
pak DIR EXTRACT: shaders/hwscripts/techniques/templates/templbumpspec_gloss_envcmamb.cslold <- FCData/Shaders.pak
pak DIR EXTRACT: shaders/hwscripts/techniques/templates/templbumpspec_gloss_envcmamb_offset_ps20.cslnew <- FCData/Shaders.pak
pak DIR EXTRACT: shaders/hwscripts/techniques/templates/templbumpspec_gloss_envcmamb_offset_rt_ps20.cslnew <- FCData/Shaders.pak
pak DIR EXTRACT: shaders/hwscripts/techniques/templates/templbumpspec_gloss_envcmamb_powerglossalpha_offset_ps20.cslnew <- FCData/Shaders.pak
pak DIR EXTRACT: shaders/hwscripts/techniques/templates/templbumpspec_gloss_envcmamb_powerglossalpha_ps20.cslnew <- FCData/Shaders.pak
pak DIR EXTRACT: shaders/hwscripts/techniques/templates/templbumpspec_gloss_envcmamb_powerglossalpha_ps20.cslold <- FCData/Shaders.pak
pak DIR EXTRACT: shaders/hwscripts/techniques/templates/templbumpspec_gloss_envcmamb_ps20.cslnew <- FCData/Shaders.pak
pak DIR EXTRACT: shaders/hwscripts/techniques/templates/templbumpspec_gloss_envcmamb_ps20.cslold <- FCData/Shaders.pak
pak DIR EXTRACT: shaders/hwscripts/techniques/templates/templbumpspec_gloss_envcmamb_rt.cslnew <- FCData/Shaders.pak
pak DIR EXTRACT: shaders/hwscripts/techniques/templates/templbumpspec_gloss_envcmamb_rt.cslold <- FCData/Shaders.pak
pak DIR EXTRACT: shaders/hwscripts/techniques/templates/templbumpspec_gloss_envcmamb_rt_powerglossalpha_ps20.cslnew <- FCData/Shaders.pak
pak DIR EXTRACT: shaders/hwscripts/techniques/templates/templbumpspec_gloss_envcmamb_rt_powerglossalpha_ps20.cslold <- FCData/Shaders.pak
pak DIR EXTRACT: shaders/hwscripts/techniques/templates/templbumpspec_gloss_envcmamb_rt_ps20.cslnew <- FCData/Shaders.pak
pak DIR EXTRACT: shaders/hwscripts/techniques/templates/templbumpspec_gloss_envcmamb_rt_ps20.cslold <- FCData/Shaders.pak
pak DIR EXTRACT: shaders/hwscripts/techniques/templates/templbumpspec_gloss_envcmspec_offset_ps20.cslnew <- FCData/Shaders.pak
pak DIR EXTRACT: shaders/hwscripts/techniques/templates/templbumpspec_gloss_envcmspec_offset_rt_ps20.cslnew <- FCData/Shaders.pak
pak DIR EXTRACT: shaders/hwscripts/techniques/templates/templbumpspec_gloss_envcmspec_powerglossalpha_offset_ps20.cslnew <- FCData/Shaders.pak
pak DIR EXTRACT: shaders/hwscripts/techniques/templates/templbumpspec_gloss_envcmspec_powerglossalpha_ps20.cslnew <- FCData/Shaders.pak
pak DIR EXTRACT: shaders/hwscripts/techniques/templates/templbumpspec_gloss_envcmspec_powerglossalpha_ps20.cslold <- FCData/Shaders.pak
pak DIR EXTRACT: shaders/hwscripts/techniques/templates/templbumpspec_gloss_envcmspec_ps20.cslnew <- FCData/Shaders.pak
pak DIR EXTRACT: shaders/hwscripts/techniques/templates/templbumpspec_gloss_envcmspec_ps20.cslold <- FCData/Shaders.pak
pak DIR EXTRACT: shaders/hwscripts/techniques/templates/templbumpspec_gloss_envcmspec_rt_powerglossalpha_offset_ps20.cslnew <- FCData/Shaders.pak
pak DIR EXTRACT: shaders/hwscripts/techniques/templates/templbumpspec_gloss_envcmspec_rt_powerglossalpha_ps20.cslnew <- FCData/Shaders.pak
pak DIR EXTRACT: shaders/hwscripts/techniques/templates/templbumpspec_gloss_envcmspec_rt_powerglossalpha_ps20.cslold <- FCData/Shaders.pak
pak DIR EXTRACT: shaders/hwscripts/techniques/templates/templbumpspec_gloss_envcmspec_rt_ps20.cslnew <- FCData/Shaders.pak
pak DIR EXTRACT: shaders/hwscripts/techniques/templates/templbumpspec_gloss_envcmspec_rt_ps20.cslold <- FCData/Shaders.pak
pak DIR EXTRACT: shaders/hwscripts/techniques/templates/templbumpspec_gloss_offset_ps20.cslnew <- FCData/Shaders.pak
pak DIR EXTRACT: shaders/hwscripts/techniques/templates/templbumpspec_gloss_powerglossalpha_offset_ps20.cslnew <- FCData/Shaders.pak
pak DIR EXTRACT: shaders/hwscripts/techniques/templates/templbumpspec_gloss_powerglossalpha_ps20.cslnew <- FCData/Shaders.pak
pak DIR EXTRACT: shaders/hwscripts/techniques/templates/templbumpspec_gloss_powerglossalpha_ps20.cslold <- FCData/Shaders.pak
pak DIR EXTRACT: shaders/hwscripts/techniques/templates/templbumpspec_gloss_ps20.cslnew <- FCData/Shaders.pak
pak DIR EXTRACT: shaders/hwscripts/techniques/templates/templbumpspec_gloss_ps20.cslold <- FCData/Shaders.pak
pak DIR EXTRACT: shaders/hwscripts/techniques/templates/templbumpspec_hp.cslnew <- FCData/Shaders.pak
pak DIR EXTRACT: shaders/hwscripts/techniques/templates/templbumpspec_hp.cslold <- FCData/Shaders.pak
pak DIR EXTRACT: shaders/hwscripts/techniques/templates/templbumpspec_hp_envcmamb.cslnew <- FCData/Shaders.pak
pak DIR EXTRACT: shaders/hwscripts/techniques/templates/templbumpspec_hp_envcmamb.cslold <- FCData/Shaders.pak
pak DIR EXTRACT: shaders/hwscripts/techniques/templates/templbumpspec_hp_envcmamb_rt.cslnew <- FCData/Shaders.pak
pak DIR EXTRACT: shaders/hwscripts/techniques/templates/templbumpspec_hp_envcmamb_rt.cslold <- FCData/Shaders.pak
pak DIR EXTRACT: shaders/hwscripts/techniques/templates/templbumpspec_hp_glossalpha.cslnew <- FCData/Shaders.pak
pak DIR EXTRACT: shaders/hwscripts/techniques/templates/templbumpspec_hp_glossalpha.cslold <- FCData/Shaders.pak
pak DIR EXTRACT: shaders/hwscripts/techniques/templates/templbumpspec_hp_glossalpha_envcmamb.cslnew <- FCData/Shaders.pak
pak DIR EXTRACT: shaders/hwscripts/techniques/templates/templbumpspec_hp_glossalpha_envcmamb.cslold <- FCData/Shaders.pak
pak DIR EXTRACT: shaders/hwscripts/techniques/templates/templbumpspec_hp_glossalpha_envcmamb_rt.cslnew <- FCData/Shaders.pak
pak DIR EXTRACT: shaders/hwscripts/techniques/templates/templbumpspec_hp_glossalpha_envcmamb_rt.cslold <- FCData/Shaders.pak
pak DIR EXTRACT: shaders/hwscripts/techniques/templates/templbumpspec_nocm.cslold <- FCData/Shaders.pak
pak DIR EXTRACT: shaders/hwscripts/techniques/templates/templbumpspec_offset_ps20.cslnew <- FCData/Shaders.pak
pak DIR EXTRACT: shaders/hwscripts/techniques/templates/templbumpspec_powerglossalpha_offset_ps20.cslnew <- FCData/Shaders.pak
pak DIR EXTRACT: shaders/hwscripts/techniques/templates/templbumpspec_powerglossalpha_ps20.cslnew <- FCData/Shaders.pak
pak DIR EXTRACT: shaders/hwscripts/techniques/templates/templbumpspec_powerglossalpha_ps20.cslold <- FCData/Shaders.pak
pak DIR EXTRACT: shaders/hwscripts/techniques/templates/templbumpspec_ps20.cslnew <- FCData/Shaders.pak
pak DIR EXTRACT: shaders/hwscripts/techniques/templates/templbumpspec_ps20.cslold <- FCData/Shaders.pak
pak DIR EXTRACT: shaders/hwscripts/techniques/templates/templlightdiffuse.cslnew <- FCData/Shaders.pak
pak DIR EXTRACT: shaders/hwscripts/techniques/templates/templlightdiffuse.cslold <- FCData/Shaders.pak
pak DIR EXTRACT: shaders/hwscripts/techniques/templates/templlightdiffuse_alphaglow.cslnew <- FCData/Shaders.pak
pak DIR EXTRACT: shaders/hwscripts/techniques/templates/templlightdiffuse_alphaglow.cslold <- FCData/Shaders.pak
pak DIR EXTRACT: shaders/hwscripts/techniques/templates/templmodelbumpspec_hp.cslnew <- FCData/Shaders.pak
pak DIR EXTRACT: shaders/hwscripts/techniques/templates/templmodelbumpspec_hp.cslold <- FCData/Shaders.pak
pak DIR EXTRACT: shaders/hwscripts/techniques/templates/templmodelbumpspec_hp_glossalpha.cslnew <- FCData/Shaders.pak
pak DIR EXTRACT: shaders/hwscripts/techniques/templates/templmodelbumpspec_hp_glossalpha.cslold <- FCData/Shaders.pak
pak DIR EXTRACT: shaders/hwscripts/techniques/templates/templmodelcommon.cslnew <- FCData/Shaders.pak
pak DIR EXTRACT: shaders/hwscripts/techniques/templates/templmodelcommon.cslold <- FCData/Shaders.pak
pak DIR EXTRACT: shaders/hwscripts/techniques/templates/templmodelcommon_offset_ps20.cslnew <- FCData/Shaders.pak
pak DIR EXTRACT: shaders/hwscripts/techniques/templates.csl <- FCData/Shaders.pak
pak DIR EXTRACT: shaders/hwscripts/techniques/templbumpglasscm.csl <- FCData/Shaders.pak
pak DIR EXTRACT: shaders/hwscripts/techniques/templbumpreflcm.csl <- FCData/Shaders.pak
pak DIR EXTRACT: shaders/hwscripts/techniques/templbumprefllight.csl <- FCData/Shaders.pak
pak DIR EXTRACT: shaders/hwscripts/techniques/templbumprefrcm.csl <- FCData/Shaders.pak
pak DIR EXTRACT: shaders/hwscripts/techniques/templfire.csl <- FCData/Shaders.pak
pak DIR EXTRACT: shaders/hwscripts/techniques/templfx.csl <- FCData/Shaders.pak
pak DIR EXTRACT: shaders/hwscripts/techniques/templglasscm.csl <- FCData/Shaders.pak
pak DIR EXTRACT: shaders/hwscripts/techniques/templillum.csl <- FCData/Shaders.pak
pak DIR EXTRACT: shaders/hwscripts/techniques/templreflcm.csl <- FCData/Shaders.pak
pak DIR EXTRACT: shaders/hwscripts/techniques/templrefrcm.csl <- FCData/Shaders.pak
pak DIR EXTRACT: shaders/hwscripts/techniques/templrefrtex.csl <- FCData/Shaders.pak
pak DIR EXTRACT: shaders/hwscripts/techniques/terrain.csl <- FCData/Shaders.pak
pak DIR EXTRACT: shaders/hwscripts/techniques/terrainlayer.csl <- FCData/Shaders.pak
pak DIR EXTRACT: shaders/hwscripts/techniques/terrainlayertemplate.csi <- FCData/Shaders.pak
pak DIR EXTRACT: shaders/hwscripts/techniques/terrainwater.csl <- FCData/Shaders.pak
opendir PAK: Shaders/HWScripts/
[CryEngine] WARNING: Warning: Shaders couldn't be found in directory 'Shaders/HWScripts/'
fopen FAIL: Shaders/statenocull.ext (mode=rb)
[CryEngine] Compile System Shader 'HDRProcess'...
fopen FAIL: Shaders/hdrprocess.ext (mode=rb)
fopen FAIL: Shaders/sunflares.ext (mode=rb)
[CryEngine] Compile System Shader 'LightStyles'...
fopen FAIL: Shaders/lightstyles.ext (mode=rb)
fopen FAIL: Shaders/glare.ext (mode=rb)
[CryEngine] Compile System HW Shader 'CGVProgramms'...
fopen FAIL: Shaders/cgvprogramms.ext (mode=rb)
fopen FAIL: Shaders/cgpshaders.ext (mode=rb)
[CryEngine] Compile System Shader 'TemplFog'...
fopen FAIL: Shaders/templfog.ext (mode=rb)
fopen FAIL: Shaders/templvfog.ext (mode=rb)
[CryEngine] Compile System Shader 'TemplFog_FP'...
fopen FAIL: Shaders/templfog_fp.ext (mode=rb)
fopen FAIL: Shaders/templfogcaustics.ext (mode=rb)
[CryEngine] Compile System Shader 'TemplVFogCaustics'...
fopen FAIL: Shaders/templvfogcaustics.ext (mode=rb)
fopen FAIL: Shaders/templfogcaustics_fp.ext (mode=rb)
fopen FAIL: Shaders/white.ext (mode=rb)
fopen FAIL: Shaders/whiteshadow.ext (mode=rb)
fopen FAIL: Shaders/templdecal.ext (mode=rb)
fopen FAIL: Shaders/templheatvis_sources.ext (mode=rb)
fopen FAIL: Shaders/templinvlight.ext (mode=rb)
fopen FAIL: Shaders/templdof.ext (mode=rb)
[CryEngine] Error: CCGVProgram_GL::mfAddNewScript: Couldn't find CG script for name 'CommonSubroutines'
UNRECOVERED FAULT desc=0x100 esr=0x82000004 pc=0xbad0bad0bad00000 far=0xbad0bad0bad00000 lr=0x9970680fc sp=0x100776b0 fp=0x10077ed0 x0=0x100778c0 x1=0x996f71a95 x2=0x100 x3=0x100
UNRECOVERED FAULT x4=0x0 x5=0x419f0f537 x6=0xed x7=0x1 x8=0x419f0f200 x9=0x779dcf30 x10=0xa x11=0x1 x12=0x996f83706 x13=0x10077610 x14=0x0 x15=0x0
UNRECOVERED FAULT at host+0xbad0bad044991000
UNRECOVERED FAULT lr in /switch/NearChuckle_nx/game/lib/libXRenderOGL.so +0x1780fc sym=_ZN13CCGPShader_GL10mfActivateEv+0x224
UNRECOVERED FAULT LR insns -40=b0000648 -3c=910843e0 -38=52802002 -34=52802003 -30=52801004 -2c=f941a908 -28=f9400108 -24=91405d08
UNRECOVERED FAULT LR insns -20=9108e101 -1c=9402f808 -18=b0fff841 -14=910843e0 -10=912a5421 -0c=52802002 -08=52802003 -04=94030016
UNRECOVERED FAULT callee-saved x19=0x41ed14e40 x20=0x419ef8200 x21=0x779dcb30 x22=0x1 x23=0x0
UNRECOVERED FAULT callee-saved x24=0x419f0e980 x25=0x997200490 x26=0x9971feeb8 x27=0x0 x28=0x9971a8690
UNRECOVERED FAULT pc 0xbad0bad0bad00000: region=0x1000000000 size=0xfffffff000000000 type=0x10 perm=---
UNRECOVERED FAULT far 0xbad0bad0bad00000: region=0x1000000000 size=0xfffffff000000000 type=0x10 perm=---
